source,slNo,parcelIndex,zone,zoneRaw,lakeName,taluk,nameTalukRaw,village,surveyNumbers,villageSurveyRaw,acres,guntas,areaAcres,status,statusRaw,problem
bbmp-custody,1,0,Mahadevapura,Mahadevpura Zone,Ambalipura Kelagina kere,Bangalore East,Ambalipura Kelagina kere/ Bangalore East,Amblipura,41,Amblipura-41,4,9,4.225,developed,Developed lake,
bbmp-custody,2,0,Mahadevapura,Mahadevpura Zone,Kaigondanahalli Lake,Bangalore East,Kaigondanahalli Lake / Bangalore East,Kaigondanalli,8,Kaigondanalli-8,18,18,18.45,developed,Developed lake,
bbmp-custody,2,1,Mahadevapura,Mahadevpura Zone,Kaigondanahalli Lake,Bangalore East,Kaigondanahalli Lake / Bangalore East,Kasavanalli,70,Kasavanalli-70,30,5,30.125,developed,Developed lake,
bbmp-custody,3,0,Mahadevapura,Mahadevpura Zone,Vijanapura kere,Bangalore East,Vijanapura kere / Bangalore East,Kowdenahalli,85,Kowdenahalli-85,10,30,10.75,developed,Developed lake,
bbmp-custody,4,0,Mahadevapura,Mahadevpura Zone,Amblipura melina kere,Bangalore East,Amblipura melina kere / Bangalore East,Ambalipura,36,Ambalipura-36,12,16,12.4,developed,Developed lake,
bbmp-custody,5,0,Mahadevapura,Mahadevpura Zone,Sigehalli,Bangalore East,Sigehalli / Bangalore East,Sigehalli,32,Sigehalli-32,31,13,31.325,developed,Developed lake,
bbmp-custody,6,0,Mahadevapura,Mahadevpura Zone,Devsandra kere,Bangalore East,Devsandra kere / Bangalore East,Devsandra,31,Devsandra-31,16,8,16.2,developed,Developed lake,
bbmp-custody,7,0,Mahadevapura,Mahadevpura Zone,Doddakanenahalli kere,Bangalore East,Doddakanenahalli kere / Bangalore East,Doddakannalli,109,Doddakannalli- 109,18,14,18.35,developed,Developed lake,
bbmp-custody,8,0,Mahadevapura,Mahadevpura Zone,Munnekolalu kere,Bangalore East,Munnekolalu kere / Bangalore East,Munnekolalu,25,Munnekolalu-25,15,38,15.95,developed,Developed lake,
bbmp-custody,9,0,Mahadevapura,Mahadevpura Zone,Shilavanthana kere,Bangalore East,Shilavanthana kere / Bangalore East,White field,41,White field-41,19,32,19.8,developed,Developed lake,
bbmp-custody,10,0,Mahadevapura,Mahadevpura Zone,Kasavanahalli lake,Bangalore East,Kasavanahalli lake / Bangalore East,Kasavanalli,50,Kasavanalli-50,21,30,21.75,developed,Developed lake,
bbmp-custody,10,1,Mahadevapura,Mahadevpura Zone,Kasavanahalli lake,Bangalore East,Kasavanahalli lake / Bangalore East,Haralur,32,Haralur-32,33,37,33.925,developed,Developed lake,
bbmp-custody,12,0,Mahadevapura,Mahadevpura Zone,Kowdenhalli lake,Bangalore East,Kowdenhalli lake / Bangalore East,Kowdenhalli lake,27,Kowdenhalli lake- 27,55,5,55.125,developed,Developed lake,
bbmp-custody,13,0,Mahadevapura,Mahadevpura Zone,Haraluru kere,Bangalore East,Haraluru kere / Bangalore East,Haraluru,95,Haraluru-95,27,13,27.325,developed,Developed lake,
bbmp-custody,14,0,Mahadevapura,Mahadevpura Zone,Sowl kere,Bangalore East,Sowl kere / Bangalore East,Bellandur,65,Bellandur-65,23,33,23.825,developed,Developed lake,
bbmp-custody,14,1,Mahadevapura,Mahadevpura Zone,Sowl kere,Bangalore East,Sowl kere / Bangalore East,Doddakannali,68,Doddakannali-68,7,28,7.7,developed,Developed lake,
bbmp-custody,14,2,Mahadevapura,Mahadevpura Zone,Sowl kere,Bangalore East,Sowl kere / Bangalore East,Kaigondanalli,36,Kaigondanalli-36,30,16,30.4,developed,Developed lake,
bbmp-custody,15,0,Bommanahalli,Bommanahalli Zone,Dorekere lake,Bangalore South,Dorekere lake / Bangalore South taluk,Vasanthapura,6,"Vasanthapura- 0006,",9,12,9.3,developed,Developed lake,
bbmp-custody,15,1,Bommanahalli,Bommanahalli Zone,Dorekere lake,Bangalore South,Dorekere lake / Bangalore South taluk,Uttarahalli,22,Uttarahalli-0022,19,11,19.275,developed,Developed lake,
bbmp-custody,16,0,Bommanahalli,Bommanahalli Zone,Uttarahalli Lake,Bangalore South,Uttarahalli Lake / Bandgalore South,Uttarahalli,111,Uttarahalli-0111,15,16,15.4,developed,Developed lake,
bbmp-custody,17,0,South,Bangalore South,Yediyur Lake,Bangalore South,Yediyur Lake Bangalore south,Yediyur,1,"0001, Yediyur-",18,2,18.05,developed,Developed lake,
bbmp-custody,18,0,Bommanahalli,Bommanahalli Zone,,,(Next to Brigade,Puttenahalli,42,Puttenahalli-42,13,25,13.625,developed,Developed lake,lake name cut off in the source; only '(Next to Brigade' survives
bbmp-custody,19,0,Bommanahalli,Bommanahalli Zone,Singasandra,Bangalore South,Singasandra / Bangalore South,Singasandra,99,Singasandra-99,10,14,10.35,developed,Developed lake,
bbmp-custody,20,0,South,Bangalore South,Deepanjali lake,Bangalore South,Deepanjali lake Bangalore South,Devatige Ramanahalli,32,Devatige Ramanahalli-32,7,22,7.55,developed,Developed lake,
bbmp-custody,21,0,Rajarajeshwari Nagar,RajaRajeshwari Nagar Zone,Halage vaderahalli Lake,Bangalore South,Halage vaderahalli Lake Bangalore South,Halage vaderahalli,1,Halage vaderahalli-1,16,13,16.325,developed,Developed lake,
bbmp-custody,22,0,Bommanahalli,Bommanahalli Zone,Parappana Agrahara,Bangalore South,Parappana Agrahara / Bangalore south,Parappana Agrahara,23,Parappana Agrahara-23,17,12,17.3,developed,Developed lake,
bbmp-custody,23,0,Rajarajeshwari Nagar,RajaRajeshwari Nagar Zone,Bheemana Katte,,Bheemana Katte,Halagevaderahalli,,Halagevaderahalli,1,23,1.575,developed,Developed lake,
bbmp-custody,24,0,South,Bangalore South,Kempambudhi Lake,Bangalore North,Kempambudhi Lake Bangalore North,Kempambudhi,2,Kempambudhi- 0002,47,7,47.175,developed,Developed lake,
bbmp-custody,26,0,Rajarajeshwari Nagar,RajaRajeshwari Nagar Zone,Lingadeeranahalli (handrahalli) Lake,Bangalore North,Lingadeeranahalli (handrahalli) Lake Bangalore North,Lingadeeranahalli,2,"Lingadeeranahalli -2,",5,30,5.75,developed,Developed lake,
bbmp-custody,26,1,Rajarajeshwari Nagar,RajaRajeshwari Nagar Zone,Lingadeeranahalli (handrahalli) Lake,Bangalore North,Lingadeeranahalli (handrahalli) Lake Bangalore North,Lingaderanhalli,4,Lingaderanhalli -4,4,8,4.2,developed,Developed lake,
bbmp-custody,27,0,Rajarajeshwari Nagar,RajaRajeshwari Nagar Zone,Handrahalli kere,Bangalore North,Handrahalli kere Bangalore North North,Handrahalli,8,Handrahalli-8,15,18,15.45,developed,Developed lake,
bbmp-custody,28,0,Rajarajeshwari Nagar,RajaRajeshwari Nagar Zone,Kodigehalli lake,Bangalore North,Kodigehalli lake / Bangalore North,Kodigihally,30,Kodigihally-30,9,25,9.625,developed,Developed lake,
bbmp-custody,29,0,Rajarajeshwari Nagar,RajaRajeshwari Nagar Zone,Jogi kere,Bangalore South,Jogi kere / Bangalore South,Malasandra,30,Malasandra-30,2,27,2.675,developed,Developed lake,
bbmp-custody,30,0,Rajarajeshwari Nagar,RajaRajeshwari Nagar Zone,Ullala lake,Bangalore North,Ullala lake / Bangalore North,Ullala,93,Ullala-93,24,19,24.475,developed,Developed lake,
bbmp-custody,31,0,Rajarajeshwari Nagar,RajaRajeshwari Nagar Zone,J.P Park,Bangalore North,J.P Park / Bangalore North,Jalahalli,32,Jalahalli-32,47,26,47.65,developed,Developed lake,
bbmp-custody,31,1,Rajarajeshwari Nagar,RajaRajeshwari Nagar Zone,J.P Park,Bangalore North,J.P Park / Bangalore North,Mathikere,59,Mathikere-59,15,15,15.375,developed,Developed lake,
bbmp-custody,31,2,Rajarajeshwari Nagar,RajaRajeshwari Nagar Zone,J.P Park,Bangalore North,J.P Park / Bangalore North,Thanniranahalli,1,Thanniranahalli-1,20,39,20.975,developed,Developed lake,
bbmp-custody,32,0,South,Bangalore South,,,Lake) Bangalore,Malagala,46,Malagala -46,6,26,6.65,developed,Developed lake,lake name cut off in the source; only 'Lake) Bangalore' survives
bbmp-custody,33,0,Dasarahalli,Dasarahalli,Dasarahalli (Chokkasandra) Lake,Bangalore North,Dasarahalli (Chokkasandra) Lake Bangalore North,Dasarahalli,24,Dasarahalli-24,3,29,3.725,developed,Developed lake,
bbmp-custody,33,1,Dasarahalli,Dasarahalli,Dasarahalli (Chokkasandra) Lake,Bangalore North,Dasarahalli (Chokkasandra) Lake Bangalore North,Chokkasandra,5,Chokkasandra-5,24,4,24.1,developed,Developed lake,
bbmp-custody,34,0,West,Bangalore West,Sankey tank,Bangalore North,Sankey tank / Bangalore North,Vyalikaval,21,Vyalikaval-21,40,24,40.6,developed,Developed lake,
bbmp-custody,35,0,East,Bangalore East,Ulsoor,Bangalore North,Ulsoor / Bangalore North,Ulsoor,,Ulsoor,108,8,108.2,developed,Developed lake,
bbmp-custody,36,0,Yelahanka,Yelahanka zone,Kattigenahalli Kere-31,Bangalore North (Additional),Kattigenahalli Kere-31 Bangalore North Addl,Kattigenahalli,31,Kattigenahalli-31,20,10,20.25,developed,Developed lake,
bbmp-custody,37,0,Yelahanka,Yelahanka zone,Thirumenahalli,Bangalore North (Additional),Thirumenahalli Bangalore North Addl,,63;68-78;84,"63,68to 78, 84 to",22,27,22.675,developed,Developed lake,village cut off in the source; survey numbers incomplete
bbmp-custody,39,0,Yelahanka,Yelahanka zone,Kogilu lake,Bangalore North (Additional),Kogilu lake Bangalore North Addl,Kogilu,84,Kogilu-84,40,4,40.1,developed,Developed lake,
bbmp-custody,39,1,Yelahanka,Yelahanka zone,Kogilu lake,Bangalore North (Additional),Kogilu lake Bangalore North Addl,Kattigenahalli,117,Kattigenahalli- 117,33,24,33.6,developed,Developed lake,
bbmp-custody,40,0,Yelahanka,Yelahanka zone,Yelahanka kere,Bangalore North (Additional),Yelahanka kere / Bangalore North Additional,Yelahanka,29,Yelahanka-29,53,36,53.9,developed,Developed lake,
bbmp-custody,40,1,Yelahanka,Yelahanka zone,Yelahanka kere,Bangalore North (Additional),Yelahanka kere / Bangalore North Additional,Kenchenahalli,15,Kenchenahalli-15,30,6,30.15,developed,Developed lake,
bbmp-custody,40,2,Yelahanka,Yelahanka zone,Yelahanka kere,Bangalore North (Additional),Yelahanka kere / Bangalore North Additional,Venkatala,39,Venkatala-39,199,31,199.775,developed,Developed lake,
bbmp-custody,40,3,Yelahanka,Yelahanka zone,Yelahanka kere,Bangalore North (Additional),Yelahanka kere / Bangalore North Additional,Manchenahalli,19,Manchenahalli-19,7,34,7.85,developed,Developed lake,
bbmp-custody,41,0,Yelahanka,Yelahanka zone,Veerasagara lake,Bangalore North (Additional),Veerasagara lake Bangalore North Addl,Veerasagara,26,Veerasagara-26,17,24,17.6,developed,Developed lake,
bbmp-custody,41,1,Yelahanka,Yelahanka zone,Veerasagara lake,Bangalore North (Additional),Veerasagara lake Bangalore North Addl,Attur,25,Attur-25,3,30,3.75,developed,Developed lake,
bbmp-custody,42,0,Yelahanka,Yelahanka zone,Attur Lake,Bangalore North (Additional),Attur Lake / Bangalore North Additional,Attur,81,Attur-81,56,29,56.725,developed,Developed lake,
bbmp-custody,42,1,Yelahanka,Yelahanka zone,Attur Lake,Bangalore North (Additional),Attur Lake / Bangalore North Additional,Ananthapura,92,Ananthapura-92,6,15,6.375,developed,Developed lake,
bbmp-custody,42,2,Yelahanka,Yelahanka zone,Attur Lake,Bangalore North (Additional),Attur Lake / Bangalore North Additional,Ramagondanahalli,39,Ramagondanahalli-39,7,22,7.55,developed,Developed lake,
bbmp-custody,42,3,Yelahanka,Yelahanka zone,Attur Lake,Bangalore North (Additional),Attur Lake / Bangalore North Additional,Kempanahalli,12,Kempanahalli-12,19,18,19.45,developed,Developed lake,
bbmp-custody,43,0,Yelahanka,Yelahanka zone,Narasipura-20,Bangalore North (Additional),Narasipura-20 Bangalore North Addl,Bangalore North,,Bangalore North,15,13,15.325,developed,Developed lake,"columns shifted in the source: name cell holds village-survey, village cell holds the taluk"
bbmp-custody,44,0,Yelahanka,Yelahanka zone,Chokkanahalli lake,Bangalore North (Additional),Chokkanahalli lake Bangalore North Addl,Chokkanahalli,2,Chokkanahalli-2,8,2,8.05,developed,Developed lake,
bbmp-custody,44,1,Yelahanka,Yelahanka zone,Chokkanahalli lake,Bangalore North (Additional),Chokkanahalli lake Bangalore North Addl,Jakkur,15,Jakkur-15,39,21,39.525,developed,Developed lake,
bbmp-custody,44,2,Yelahanka,Yelahanka zone,Chokkanahalli lake,Bangalore North (Additional),Chokkanahalli lake Bangalore North Addl,Jakkur,16,Jakkur-16,3,1,3.025,developed,Developed lake,
bbmp-custody,45,0,Yelahanka,Yelahanka zone,Jakkur lake (Sampigehalli Lake),,Jakkur lake (Sampigehalli Lake),Jakkur,23,Jakkur-23,36,33,36.825,developed,Developed lake,
bbmp-custody,45,1,Yelahanka,Yelahanka zone,Jakkur lake (Sampigehalli Lake),,Jakkur lake (Sampigehalli Lake),Yelahanka amanikere,55,Yelahanka amanikere -55,58,16,58.4,developed,Developed lake,
bbmp-custody,45,2,Yelahanka,Yelahanka zone,Jakkur lake (Sampigehalli Lake),,Jakkur lake (Sampigehalli Lake),Sampigehalli,12,Sampigehalli-12,19,25,19.625,developed,Developed lake,
bbmp-custody,45,3,Yelahanka,Yelahanka zone,Jakkur lake (Sampigehalli Lake),,Jakkur lake (Sampigehalli Lake),Agrahara,13,Agrahara-13,3,17,3.425,developed,Developed lake,
bbmp-custody,46,0,Yelahanka,Yelahanka zone,Ramagondanahalli,Bangalore North (Additional),Ramagondanahalli Bangalore North Addl,Ramagondanahalli,52,Ramagondanahalli-52,36,26,36.65,developed,Developed lake,
bbmp-custody,47,0,Yelahanka,Yelahanka zone,,Bangalore North,Bangalore North,Allalasandra,15,Allalasandra-15,41,23,41.575,developed,Developed lake,lake name missing in the source; name cell holds only the taluk
bbmp-custody,48,0,Yelahanka,Yelahanka zone,Avalahalli,Bangalore North (Additional),Avalahalli / Bangalore North Addi,Avalahalli,10,Avalahalli-10,11,1,11.025,developed,Developed lake,
bbmp-custody,48,1,Yelahanka,Yelahanka zone,Avalahalli,Bangalore North (Additional),Avalahalli / Bangalore North Addi,Singanayakanahalli,64,Singanayakanahalli- 64,2,10,2.25,developed,Developed lake,
bbmp-custody,49,0,Yelahanka,Yelahanka zone,Narasipura-26,Bangalore North (Additional),Narasipura-26 Bangalore North Addl,Narsipura,26,Narsipura-26,9,11,9.275,developed,Developed lake,
bbmp-custody,50,0,Yelahanka,Yelahanka zone,Doddabommasandra lake,Bangalore North (Additional),Doddabommasandra lake / Bangalore North Additional,Tindlu,53,Tindlu-53,35,28,35.7,developed,Developed lake,
bbmp-custody,50,1,Yelahanka,Yelahanka zone,Doddabommasandra lake,Bangalore North (Additional),Doddabommasandra lake / Bangalore North Additional,DBSandra,56,DBSandra-56,39,10,39.25,developed,Developed lake,
bbmp-custody,50,2,Yelahanka,Yelahanka zone,Doddabommasandra lake,Bangalore North (Additional),Doddabommasandra lake / Bangalore North Additional,Kodigihally,175,Kodigihally-175,49,21,49.525,developed,Developed lake,
bbmp-custody,51,0,Yelahanka,Yelahanka zone,136 (Palanahalli lake),,136 (Palanahalli lake),Kattigenahalli,136,Kattigenahalli- 136,25,28,25.7,developed,Developed lake,name cell starts with a survey number
bbmp-custody,52,0,Yelahanka,Yelahanka zone,Rachenahalli lake,Bangalore North (Additional),Rachenahalli lake/ Bangalore North Additional,Rachenahalli,69,Rachenahalli-69,19,36,19.9,developed,Developed lake,
bbmp-custody,52,1,Yelahanka,Yelahanka zone,Rachenahalli lake,Bangalore North (Additional),Rachenahalli lake/ Bangalore North Additional,Dasarahalli,61,Dasarahalli -61,73,23,73.575,developed,Developed lake,
bbmp-custody,52,2,Yelahanka,Yelahanka zone,Rachenahalli lake,Bangalore North (Additional),Rachenahalli lake/ Bangalore North Additional,Jakkur,82,Jakkur-82,76,2,76.05,developed,Developed lake,
bbmp-custody,54,0,Bommanahalli,Bommanahalli Zone,Kudlu doddakere,Anekal,Kudlu doddakere / Anekal,Kudlu,150,Kudlu-150,27,21,27.525,developed,Developed lake,
bbmp-custody,54,1,Bommanahalli,Bommanahalli Zone,Kudlu doddakere,Anekal,Kudlu doddakere / Anekal,Parappana Agrahara,37,Parappana Agrahara-37,17,28,17.7,developed,Developed lake,
bbmp-custody,55,0,Mahadevapura,Mahadevpura Zone,Challakere Lake,Bangalore East,Challakere Lake /East taluk,Challakere,85,Challakere -85,38,5,38.125,developed,Developed lake,
bbmp-custody,56,0,Rajarajeshwari Nagar,RajaRajeshwari Nagar Zone,H Gollahalli kere,Bangalore South,H Gollahalli kere/ Bangalore South,Hemmagipura,25,Hemmagipura-25,7,25,7.625,developed,Developed lake,
bbmp-custody,56,1,Rajarajeshwari Nagar,RajaRajeshwari Nagar Zone,H Gollahalli kere,Bangalore South,H Gollahalli kere/ Bangalore South,H. Gollahalli,9,H. Gollahalli-09,7,8,7.2,developed,Developed lake,
bbmp-custody,56,2,Rajarajeshwari Nagar,RajaRajeshwari Nagar Zone,H Gollahalli kere,Bangalore South,H Gollahalli kere/ Bangalore South,varahasandra,9,varahasandra-09,4,33,4.825,developed,Developed lake,
bbmp-custody,57,0,Mahadevapura,Mahadevpura Zone,Kalkere,Bangalore East,Kalkere / Bangalore East taluk,Kalkere,45,Kalkere-45,73,11,73.275,developed,Developed lake,
bbmp-custody,57,1,Mahadevapura,Mahadevpura Zone,Kalkere,Bangalore East,Kalkere / Bangalore East taluk,Kyalasanahalli,36,Kyalasanahalli-36,51,19,51.475,developed,Developed lake,
bbmp-custody,57,2,Mahadevapura,Mahadevpura Zone,Kalkere,Bangalore East,Kalkere / Bangalore East taluk,Beelisivale,101,Beelisivale-101,0,37,0.925,developed,Developed lake,
bbmp-custody,57,3,Mahadevapura,Mahadevpura Zone,Kalkere,Bangalore East,Kalkere / Bangalore East taluk,Horamavu Agra,36,Horamavu Agra- 36,61,11,61.275,developed,Developed lake,
bbmp-custody,58,0,Mahadevapura,Mahadevapura,Mahadevapura Lake,Bangalore East,Mahadevapura Lake /East taluk,Mahadevapura,7,Mahadevapura-7,26,23,26.575,developed,Developed lake,
bbmp-custody,59,0,Dasarahalli,Dasarahalli,Kamgondanahalli Kere,Bangalore North,Kamgondanahalli Kere Bangalore North,Kamgondanahalli,18,Kamgondanahalli- 18,15,26,15.65,developed,Developed lake,
bbmp-custody,59,1,Dasarahalli,Dasarahalli,Kamgondanahalli Kere,Bangalore North,Kamgondanahalli Kere Bangalore North,Shetty halli,67,Shetty halli-67,5,32,5.8,developed,Developed lake,
bbmp-custody,59,2,Dasarahalli,Dasarahalli,Kamgondanahalli Kere,Bangalore North,Kamgondanahalli Kere Bangalore North,Medarahalli,26,Medarahalli-26,1,32,1.8,developed,Developed lake,
bbmp-custody,60,0,Rajarajeshwari Nagar,RajaRajeshwari Nagar Zone,Kunte,,Kunte/ Bangalore,Vajarahalli,36,Vajarahalli-36,2,31,2.775,developed,Developed lake,
bbmp-custody,61,0,Mahadevapura,Mahadevpura Zone,Kundalahalli Lake,,Kundalahalli Lake,Kundalahalli,5,Kundalahalli-05,30,20,30.5,developed,Developed lake,
bbmp-custody,63,0,Bommanahalli,Bommanahalli Zone,Kodige Singasandra Lake,,Kodige Singasandra Lake,Singasandra,69,Singasandra-69,10,23,10.575,developed,Developed lake,
bbmp-custody,64,0,Bommanahalli,Bommanahalli Zone,Basapura Lake-1,Bangalore South,Basapura Lake-1/ Bangalore South,Basapura,15,Basapura-0015,9,34,9.85,developed,Developed lake,
bbmp-custody,64,1,Bommanahalli,Bommanahalli Zone,Basapura Lake-1,Bangalore South,Basapura Lake-1/ Bangalore South,Singasandra,52,Singasandra-52,1,8,1.2,developed,Developed lake,
bbmp-custody,65,0,Mahadevapura,Mahadevapura,Devarabeesanahalli Lake,,Devarabeesanahalli Lake,Devarabeesanahalli,18,Devarabeesanahalli - 18,13,31,13.775,developed,Developed lake,
bbmp-custody,66,0,Rajarajeshwari Nagar,RajaRajeshwari Nagar Zone,Mallathahalli lake,Bangalore North,Mallathahalli lake / Bangalore North,Mallathahalli,101,Mallathahalli-101,51,5,51.125,work in progress,Work in progress,
bbmp-custody,66,1,Rajarajeshwari Nagar,RajaRajeshwari Nagar Zone,Mallathahalli lake,Bangalore North,Mallathahalli lake / Bangalore North,Mallathahalli,26,Mallathahalli-26,1,9,1.225,work in progress,Work in progress,
bbmp-custody,66,2,Rajarajeshwari Nagar,RajaRajeshwari Nagar Zone,Mallathahalli lake,Bangalore North,Mallathahalli lake / Bangalore North,Giddadakonehalli,6,Giddadakonehalli -6,20,8,20.2,work in progress,Work in progress,
bbmp-custody,67,0,South,Bangalore South Zone,Nayadahalli Lake,Bangalore South,Nayadahalli Lake Bangalore South,Nayadahalli,31,Nayadahalli-31,13,9,13.225,work in progress,Work in progress,
bbmp-custody,68,0,Yelahanka,Yelahanka Zone,Harohalli lake,Bangalore North (Additional),Harohalli lake Bangalore North Addl,Harohalli,91,Harohalli-91,74,32,74.8,work in progress,Work in progress,
bbmp-custody,69,0,Mahadevapura,Mahadevpura Zone,Garudachar Palya Lake,,Garudachar Palya Lake,Mahadev pura,31,Mahadev pura-31,5,36,5.9,work in progress,Work in progress,
bbmp-custody,70,0,Bommanahalli,Bommanahalli Zone,Ibblur Lake,,Ibblur Lake,Ibbalur,36,Ibbalur-0036,18,6,18.15,work in progress,Work in progress,
bbmp-custody,71,0,Mahadevapura,Mahadevapura,Cikkabasavanapura Lake,,Cikkabasavanapura Lake,Basavanapura,14,Basavanapura-14,14,7,14.175,work in progress,Work in progress,
bbmp-custody,72,0,Bommanahalli,Bommanahalli Zone,Kalena Agrahara Lake,,Kalena Agrahara Lake,Kalena Agrahara,43,Kalena Agrahara- 0043,7,30,7.75,work in progress,Work in progress,
bbmp-custody,73,0,Bommanahalli,Bommanahalli Zone,Begur Lake,,Begur Lake,Begur,94,Begur-0094,137,24,137.6,work in progress,Work in progress,
bbmp-custody,74,0,Bommanahalli,Bommanahalli Zone,Gottigere,,Gottigere,Gottigere,71,Gottigere-0071,37,13,37.325,work in progress,Work in progress,
bbmp-custody,76,0,Bommanahalli,Bommanahalli Zone,Sarakki/Jaraganahalli/Puttenahalli Lake,,Sarakki/Jaraganahalli/Puttenahalli Lake,Sarakki,26,Sarakki-26,38,0,38.0,work in progress,Work in progress,
bbmp-custody,76,1,Bommanahalli,Bommanahalli Zone,Sarakki/Jaraganahalli/Puttenahalli Lake,,Sarakki/Jaraganahalli/Puttenahalli Lake,Puttenahalli,5,Puttenahalli -5,6,10,6.25,work in progress,Work in progress,
bbmp-custody,76,2,Bommanahalli,Bommanahalli Zone,Sarakki/Jaraganahalli/Puttenahalli Lake,,Sarakki/Jaraganahalli/Puttenahalli Lake,Jaraganahalli,7,Jaraganahalli-7,38,14,38.35,work in progress,Work in progress,
bbmp-custody,77,0,Bommanahalli,Bommanahalli Zone,Annappanakere / Yelchenahalli Lake,,Annappanakere / Yelchenahalli Lake,,6,"06,",6,32,6.8,work in progress,Work in progress,
bbmp-custody,78,0,Rajarajeshwari Nagar,R.R.Nagar Zone,Vishwaneedum Lake,,Vishwaneedum Lake,Herohalli,50,Herohalli - 50,4,34,4.85,work in progress,Work in progress,
bbmp-custody,79,0,Mahadevapura,Mahadevapura Zone,Hormavu Agara Lake,,Hormavu Agara Lake,Hormavu Agara,77,Hormavu Agara - 77,51,34,51.85,work in progress,Work in progress,
bbmp-custody,80,0,Yelahanka,Yelahanka zone,Singapura Lake,,Singapura Lake,Singapura,102,Singapura-102,66,18,66.45,work in progress,Work in progress,
bbmp-custody,81,0,Mahadevapura,Mahadevapura Zone,Bhattarahalli Lake,,Bhattarahalli Lake,Bhattarahalli,2,Bhattarahalli - 2,18,10,18.25,work in progress,Work in progress,
bbmp-custody,82,0,Mahadevapura,Mahadevapura Zone,Sadaramangala Lake,,Sadaramangala Lake,Sadaramangala kere,61,Sadaramangala kere-61,51,4,51.1,work in progress,Work in progress,
bbmp-custody,82,1,Mahadevapura,Mahadevapura Zone,Sadaramangala Lake,,Sadaramangala Lake,Kodagehalli,8,Kodagehalli-8,1,17,1.425,work in progress,Work in progress,
bbmp-custody,83,0,Mahadevapura,Mahadevapura Zone,Siddapura Lake,,Siddapura Lake,Siddapura,18,Siddapura - 18,27,35,27.875,work in progress,Work in progress,
bbmp-custody,84,0,Dasarahalli,Dasarahalli,Bagalgunte Lake,,Bagalgunte Lake,Bagalgunte,113,Bagalgunte -113,10,14,10.35,work in progress,Work in progress,
bbmp-custody,85,0,Mahadevapura,Mahadevapura Zone,Vibhuthipura kere,,Vibhuthipura kere,Vibhuthipura,175,Vibhuthipura-175,45,18,45.45,work in progress,Work in progress,
bbmp-custody,86,0,Mahadevapura,Mahadevapura Zone,K R Puram (BEML),,K R Puram (BEML),Benniganahalli,47,Benniganahalli-47,18,25,18.625,work in progress,Work in progress,
bbmp-custody,87,0,Bommanahalli,Bommanahalli,Haralakunte Lake (Somasandrakere),,Haralakunte Lake (Somasandrakere),Haralakunte,51,Haralakunte-0051,16,29,16.725,work in progress,Work in progress,
bbmp-custody,88,0,Bommanahalli,Bommanahalli,Anjanapura Lake / Alahalli,,Anjanapura Lake / Alahalli,Alahalli,30,Alahalli-0030,21,25,21.625,work in progress,Work in progress,
bbmp-custody,89,0,Mahadevapura,Mahadevapura,Hoodi kere,,Hoodi kere,Hoodi,79,Hoodi-79,15,10,15.25,work in progress,Work in progress,
bbmp-custody,90,0,Mahadevapura,Mahadevapura,Bhoganahalli Lake,,Bhoganahalli Lake,Bhoganahalli,21,Bhoganahalli - 21,12,24,12.6,work in progress,Work in progress,
bbmp-custody,91,0,Mahadevapura,Mahadevapura,Panathur lake,,Panathur lake,Panathur,38,Panathur -38,25,17,25.425,work in progress,Work in progress,
bbmp-custody,92,0,Mahadevapura,Mahadevapura,Hoodi Giddanakere,,Hoodi Giddanakere,Hoodi,138,Hoodi-138,28,31,28.775,work in progress,Work in progress,
bbmp-custody,93,0,Bommanahalli,Bommanahalli,Byraweshwara nagara,,Byraweshwara nagara,Chunchaghatta,70,Chunchaghatta- 0070,23,9,23.225,tender in process,Tender in Process,
bbmp-custody,94,0,Mahadevapura,Mahadevapura,Kaggadasapura Lake,,Kaggadasapura Lake,Kaggadasapura,141,Kaggadasapura - 141,50,26,50.65,to be developed,To Be Developed,
bbmp-custody,94,1,Mahadevapura,Mahadevapura,Kaggadasapura Lake,,Kaggadasapura Lake,Bendiganahalli,5,Bendiganahalli - 5,50,26,50.65,to be developed,To Be Developed,
bbmp-custody,95,0,Rajarajeshwari Nagar,RajaRajeshwari Nagar Zone,Nagarabhavi Lake,,Nagarabhavi Lake,Nagarabhavi,77,Nagarabhavi - 77,9,31,9.775,to be developed,To Be Developed,
bbmp-custody,96,0,Mahadevapura,Mahadevapura,Jimkenahalli Lake,,Jimkenahalli Lake,Varanasi,47,Varanasi - 47,8,35,8.875,to be developed,To Be Developed,
bbmp-custody,97,0,Mahadevapura,Mahadevapura Zone,Kalkere Rampura kere,,Kalkere Rampura kere,Kalkere,162,Kalkere-162,64,25,64.625,to be developed,To Be Developed,
bbmp-custody,97,1,Mahadevapura,Mahadevapura Zone,Kalkere Rampura kere,,Kalkere Rampura kere,Rampura,22,Rampura-22,3,4,3.1,to be developed,To Be Developed,
bbmp-custody,97,2,Mahadevapura,Mahadevapura Zone,Kalkere Rampura kere,,Kalkere Rampura kere,Maragondanahalli,71,Maragondanahalli -71,11,35,11.875,to be developed,To Be Developed,
bbmp-custody,97,3,Mahadevapura,Mahadevapura Zone,Kalkere Rampura kere,,Kalkere Rampura kere,Huvineane,86,Huvineane-86,108,7,108.175,to be developed,To Be Developed,
bbmp-custody,98,0,Mahadevapura,Mahadevapura Zone,Nagareshwara- Nagenahalli Lake,,Nagareshwara- Nagenahalli Lake,Nagareshwara Nagenahalli,10,Nagareshwara Nagenahalli-10,11,8,11.2,to be developed,To Be Developed,
bbmp-custody,100,0,Dasarahalli,Dasarahalli Zone,Abbigere Kere,,Abbigere Kere,Abbigere,75,Abbigere-75,26,6,26.15,to be developed,To Be Developed,
bbmp-custody,100,1,Dasarahalli,Dasarahalli Zone,Abbigere Kere,,Abbigere Kere,Singapura,93,Singapura-93,21,7,21.175,to be developed,To Be Developed,
bbmp-custody,101,0,Mahadevapura,Mahadevapura Zone,Bellahalli,,Bellahalli,Bellahalli,68,Bellahalli-68,18,32,18.8,to be developed,To Be Developed,
bbmp-custody,102,0,Yelahanka,Yelahanka Zone,Lakshmipura lake,,Lakshmipura lake,Lakshmipura,25,Lakshmipura-25,10,20,10.5,to be developed,To Be Developed,
bbmp-custody,103,0,Yelahanka,Yelahanka Zone,Shivanahalli Lake,,Shivanahalli Lake,Shivanahalli,48,Shivanahalli-48,14,38,14.95,to be developed,To Be Developed,
bbmp-custody,103,1,Yelahanka,Yelahanka Zone,Shivanahalli Lake,,Shivanahalli Lake,Allalasandra,38,Allalasandra-38,0,27,0.675,to be developed,To Be Developed,
bbmp-custody,104,0,Yelahanka,Yelahanka Zone,Srinivasapura Kere,,Srinivasapura Kere,Srinivasapura,2,Srinivasapura-2,3,14,3.35,to be developed,To Be Developed,
bbmp-custody,105,0,Yelahanka,Yelahanka Zone,Vaderahalli,,Vaderahalli,Vaderahalli,32,Vaderahalli-32,9,34,9.85,to be developed,To Be Developed,
bbmp-custody,106,0,Rajarajeshwari Nagar,R.R.Nagar Zone,Konasandra Lake,,Konasandra Lake,hemmigepura,15,"15, hemmigepura",37,14,37.35,to be developed,To Be Developed,
bbmp-custody,107,0,South,Bangalore South Zone,Kothanuru lake,,Kothanuru lake,Kottanuru,54,Kottanuru - 54,18,9,18.225,to be developed,To Be Developed,
bbmp-custody,108,0,Rajarajeshwari Nagar,R.R.Nagar Zone,Sompura Lake,,Sompura Lake,Sompura,11;12,"Sompura 11, 12",18,20,18.5,to be developed,To Be Developed,
bbmp-custody,109,0,Rajarajeshwari Nagar,R.R.Nagar Zone,Talghatapura Lake,,Talghatapura Lake,Talghatapura,73,Talghatapura - 73,19,16,19.4,to be developed,To Be Developed,
bbmp-custody,110,0,Yelahanka,Yelahanka Zone,Venkatehpura Lake,,Venkatehpura Lake,Venkateshpura,12,Venkateshpura 12,6,35,6.875,to be developed,To Be Developed,
bbmp-custody,110,1,Yelahanka,Yelahanka Zone,Venkatehpura Lake,,Venkatehpura Lake,Sampigehalli,37,Sampigehalli 37,4,0,4.0,to be developed,To Be Developed,
bbmp-custody,111,0,Mahadevapura,Mahadevapura Zone,Mahadevapura Lake,,Mahadevapura Lake,Mahadevapura,187,Mahadevapura- 187,13,32,13.8,to be developed,To Be Developed,
bbmp-custody,112,0,South,Bangalore South Zone,Mesthripalya lake,,Mesthripalya lake,Jakkasandra,30;31,"Jakkasandra-30, 31",9,18,9.45,to be developed,To Be Developed,
bbmp-custody,114,0,Mahadevapura,Mahadevapura zone,Sitaram Palya,,Sitaram Palya,Sonnenalli,33,Sonnenalli-33,25,5,25.125,to be developed,To Be Developed,
bbmp-custody,115,0,Mahadevapura,Mahadevapura zone,Nalluralli tank,,Nalluralli tank,Nalluralli,4,Nalluralli-4,20,34,20.85,to be developed,To Be Developed,
bbmp-custody,115,1,Mahadevapura,Mahadevapura zone,Nalluralli tank,,Nalluralli tank,Pattandur Agrahara,85,Pattandur Agrahara-85,27,5,27.125,to be developed,To Be Developed,
bbmp-custody,116,0,Mahadevapura,Mahadevapura zone,Kelagina kere / Byrasnadra,,Kelagina kere / Byrasnadra,Byrasandra,112,Byrasandra-112,12,21,12.525,to be developed,To Be Developed,
bbmp-custody,117,0,Mahadevapura,Mahadevapura zone,Gunjur mouji kere,,Gunjur mouji kere,Gunjur,301 (P),Gunjur-301 (P),59,13,59.325,to be developed,To Be Developed,
bbmp-custody,117,1,Mahadevapura,Mahadevapura zone,Gunjur mouji kere,,Gunjur mouji kere,Kachamaranahalli,74,Kachamaranahalli -74,59,13,59.325,to be developed,To Be Developed,
bbmp-custody,118,0,Mahadevapura,Mahadevapura zone,Gunjur Palya kere,,Gunjur Palya kere,Gunjur,83,Gunjur-83,36,27,36.675,to be developed,To Be Developed,
bbmp-custody,119,0,Bommanahalli,Bommanahalli Zone,Basapura Lake-2,Bangalore South,Basapura Lake-2/ Bangalore South,Basapura,14,Basapura-14,7,14,7.35,to be developed,To Be Developed,
bbmp-custody,120,0,Bommanahalli,Bommanahalli Zone,Basavanapura Lake,,Basavanapura Lake,Basavanapura,14,Basavanapura - 0014,14,7,14.175,to be developed,To Be Developed,
bbmp-custody,121,0,Bommanahalli,Bommanahalli Zone,Chowdeshwari layout Lake,,Chowdeshwari layout Lake,Beratana agrahara,18,Beratana agrahara-0018,11,18,11.45,to be developed,To Be Developed,
bbmp-custody,122,0,Bommanahalli,Bommanahalli Zone,Chikka Begur Lake,,Chikka Begur Lake,Begur,168,"Begur-168,",32,19,32.475,to be developed,To Be Developed,
bbmp-custody,122,1,Bommanahalli,Bommanahalli Zone,Chikka Begur Lake,,Chikka Begur Lake,Singasandra,86,Singasandra-86,9,37,9.925,to be developed,To Be Developed,
bbmp-custody,123,0,Bommanahalli,Bommanahalli Zone,Devarakere,,Devarakere,Bikasipura,9,Bikasipura-9,7,15,7.375,to be developed,To Be Developed,
bbmp-custody,124,0,Bommanahalli,Bommanahalli Zone,Doddakallasandra Lake,,Doddakallasandra Lake,Doddakallasandra,27,Doddakallasandra - 27,21,16,21.4,to be developed,To Be Developed,
bbmp-custody,125,0,Bommanahalli,Bommanahalli Zone,Gowdana Palya Lake,,Gowdana Palya Lake,Kadirenahalli,33,Kadirenahalli- 0033,9,23,9.575,to be developed,To Be Developed,
bbmp-custody,126,0,Rajarajeshwari Nagar,Rajarajeshwara nagar,Gubbalalu Lake,,Gubbalalu Lake,Gubbalalu,25,Gubbalalu - 25,8,10,8.25,to be developed,To Be Developed,second parcel row has a stray 'Zone' in the zone column; serial 127 is missing and may be this row
bbmp-custody,126,1,Rajarajeshwari Nagar,Rajarajeshwara nagar,Gubbalalu Lake,,Gubbalalu Lake,Kammanahalli,110,Kammanahalli 110,15,32,15.8,to be developed,To Be Developed,second parcel row has a stray 'Zone' in the zone column; serial 127 is missing and may be this row
bbmp-custody,128,0,Bommanahalli,Bommanahalli Zone,Konappana Agrahara lake,,Konappana Agrahara lake,Naganathapura,81,Naganathapura-81,5,17,5.425,to be developed,To Be Developed,
bbmp-custody,129,0,Rajarajeshwari Nagar,R.R.Nagar Zone,Lingadeeranahalli,,Lingadeeranahalli,Lingadeeranahalli,13,Lingadeeranahalli -13,5,22,5.55,to be developed,To Be Developed,
bbmp-custody,130,0,Bommanahalli,Bommanahalli Zone,Kammanahalli Lake (Meenakshi Lake),,Kammanahalli Lake (Meenakshi Lake),Kammanahalli,38,Kammanahalli- 0038,18,37,18.925,to be developed,To Be Developed,
bbmp-custody,131,0,Bommanahalli,Bommanahalli Zone,Nyanappanahalli Lake,,Nyanappanahalli Lake,Begur,344,Begur-0344,6,7,6.175,to be developed,To Be Developed,
bbmp-custody,132,0,Rajarajeshwari Nagar,R.R.Nagar,Pattanagere/ Kenchenhalli lake,,Pattanagere/ Kenchenhalli lake,Kenchenhalli,33,Kenchenhalli-33,3,39,3.975,to be developed,To Be Developed,
bbmp-custody,132,1,Rajarajeshwari Nagar,R.R.Nagar,Pattanagere/ Kenchenhalli lake,,Pattanagere/ Kenchenhalli lake,Pattanagere,43,Pattanagere-43,,31,0.775,to be developed,To Be Developed,
bbmp-custody,133,0,Bommanahalli,Bommanahalli Zone,Subedaranakere,,Subedaranakere,Begur,48,Begur-0048,6,5,6.125,to be developed,To Be Developed,
bbmp-custody,134,0,Rajarajeshwari Nagar,R.R.Nagar Zone,Varahasandra Lake,,Varahasandra Lake,Hemmigepura,4,"Hemmigepura- 004,",4,11,4.275,to be developed,To Be Developed,
bbmp-custody,134,1,Rajarajeshwari Nagar,R.R.Nagar Zone,Varahasandra Lake,,Varahasandra Lake,Varahasandra,24,Varahasandra- 0024,13,9,13.225,to be developed,To Be Developed,
bbmp-custody,135,0,Bommanahalli,Bommanahalli Zone,Vasanthapura kere,,Vasanthapura kere,Vasanthapura,28,Vasanthapura 28,7,10,7.25,to be developed,To Be Developed,
bbmp-custody,136,0,Bommanahalli,Bommanahalli Zone,Yelenahalli Lake,,Yelenahalli Lake,Yelenahalli,55,Yelenahalli - 55,4,39,4.975,to be developed,To Be Developed,
bbmp-custody,137,0,Bommanahalli,Bommanahalli Zone,Chikkammanahalli Lake,,Chikkammanahalli Lake,Kammanahalli,22,Kammanahalli- 0022,5,19,5.475,to be developed,To Be Developed,
bbmp-custody,138,0,Bommanahalli,Bommanahalli Zone,Swarnakunte gudda kere,,Swarnakunte gudda kere,Chandrashekarapura,1,Chandrashekarapura-0001,9,5,9.125,to be developed,To Be Developed,
bbmp-custody,139,0,Outside BBMP,Out side BBMP (Panchayath Limit),Bhimana kuppe,,Bhimana kuppe,Bhimana kuppe,180,Bhimana kuppe- 180,39,24,39.6,to be developed,To Be Developed,
bbmp-custody,140,0,Rajarajeshwari Nagar,R.R.Nagar Zone,Chikkabasthi lake,,Chikkabasthi lake,,,,7,2.7,7.0675,to be developed,To Be Developed,
bbmp-custody,142,0,Rajarajeshwari Nagar,R.R.Nagar Zone,Kannali lake,,Kannali lake,Kannali,5,Kannali-5,48,31,48.775,to be developed,To Be Developed,
bbmp-custody,142,1,Rajarajeshwari Nagar,R.R.Nagar Zone,Kannali lake,,Kannali lake,Kodigehalli,78,Kodigehalli-78,19,14,19.35,to be developed,To Be Developed,
bbmp-custody,143,0,Rajarajeshwari Nagar,R.R.Nagar Zone,Kenchanapura lake,,Kenchanapura lake,Kenchanapura,10,Kenchanapura -10,17,26,17.65,to be developed,To Be Developed,
bbmp-custody,144,0,Rajarajeshwari Nagar,R.R.Nagar Zone,Narasappanahalli Kere,,Narasappanahalli Kere,Nellagadrenahalli,90,Nellagadrenahalli- 90,19,5,19.125,to be developed,To Be Developed,
bbmp-custody,144,1,Rajarajeshwari Nagar,R.R.Nagar Zone,Narasappanahalli Kere,,Narasappanahalli Kere,Nellagadrenahalli,89,Nellagadrenahalli- 89,5,26,5.65,to be developed,To Be Developed,
bbmp-custody,144,2,Rajarajeshwari Nagar,R.R.Nagar Zone,Narasappanahalli Kere,,Narasappanahalli Kere,Karivobanahalli,40,Karivobanahalli- 40,27,13,27.325,to be developed,To Be Developed,
bbmp-custody,144,3,Rajarajeshwari Nagar,R.R.Nagar Zone,Narasappanahalli Kere,,Narasappanahalli Kere,Doddabidarakallu,24,Doddabidarakallu -24,1,20,1.5,to be developed,To Be Developed,
bbmp-custody,145,0,Rajarajeshwari Nagar,R.R.Nagar Zone,Srigandadakaval,,Srigandadakaval,Srigandadakaval,15,Srigandadakaval- 15,6,33,6.825,to be developed,To Be Developed,
bbmp-custody,146,0,Rajarajeshwari Nagar,R.R.Nagar Zone,Soolikere,,Soolikere,,12;26;27,"-12, 26,27 ,",53,7,53.175,to be developed,To Be Developed,village missing in the source
bbmp-custody,147,0,Rajarajeshwari Nagar,R.R.Nagar Zone,Doddabidarakallu/Nagasandra kere,,Doddabidarakallu/Nagasandra kere,Nagasandra,6,Nagasandra-6,16,36,16.9,to be developed,To Be Developed,
bbmp-custody,147,1,Rajarajeshwari Nagar,R.R.Nagar Zone,Doddabidarakallu/Nagasandra kere,,Doddabidarakallu/Nagasandra kere,Doddabidarakallu,125,Doddabidarakallu -125,23,10,23.25,to be developed,To Be Developed,
bbmp-custody,148,0,Bommanahalli,Bommanahalli Zone,Konanakunte Lake,,Konanakunte Lake,Konanakunte,2,Konanakunte - 2,9,18,9.45,to be developed,To Be Developed,
bbmp-custody,149,0,East,East,Konena Agrahara lake,,Konena Agrahara lake,Konena Agrahara,60,Konena Agrahara -60,20,10,20.25,used for other purpose,Being used for other purpose,
bbmp-custody,150,0,Mahadevapura,Mahadevpura Zone,Vijanapura Lake,,Vijanapura Lake,Vijanapura,42,Vijanapura-42,15,37.2,15.93,used for other purpose,Being used for other purpose,
bbmp-custody,152,0,Bommanahalli,Bommanahalli Zone,Chikkalsandra Lake,,Chikkalsandra Lake,Chikkalasandra,76,Chikkalasandra- 76,12,26,12.65,used for other purpose,Being used for other purpose,
bbmp-custody,153,0,South,Bangalore South,Thavarekare,,Thavarekare,Thavarekare,74,Thavarekare-74,10,16,10.4,used for other purpose,Being used for other purpose,
bbmp-custody,154,0,West,West,Kamakshi palya,,Kamakshi palya,Sanegoruvanahalli,60,Sanegoruvanahalli -60,6,35,6.875,used for other purpose,Being used for other purpose,
bbmp-custody,155,0,Bommanahalli,Bommanahalli Zone,Belakahalli,,Belakahalli,Belakahalli,172,Belakahalli-172,7,0,7.0,used for other purpose,Being used for other purpose,
bbmp-custody,156,0,Bommanahalli,Bommanahalli Zone,Doresani palya,,Doresani palya,Belakahalli,167,Belakahalli-167,56,37,56.925,used for other purpose,Being used for other purpose,
bbmp-custody,157,0,Rajarajeshwari Nagar,RajaRajeshwari Nagar Zone,Bovimaranahalli,,Bovimaranahalli,Halage vaderahalli,124,Halage vaderahalli-124,22,34,22.85,used for other purpose,Being used for other purpose,
bbmp-custody,158,0,Bommanahalli,Bommanahalli Zone,Arehalli 2& 3 (Small tanks),,Arehalli 2& 3 (Small tanks),Arehalli,27;28,"Arehalli -27,28",0,0,0.0,used for other purpose,Being used for other purpose,
bbmp-custody,159,0,South,Bangalore South,Nandi shettappa lake,,Nandi shettappa lake,,,,0,0,0.0,used for other purpose,Being used for other purpose,no village or survey number in the source
bbmp-custody,160,0,Rajarajeshwari Nagar,RajaRajeshwari Nagar Zone,Gundopanth lake,,Gundopanth lake,Pantarapalya,59,Pantarapalya-59,2,1,2.025,used for other purpose,Being used for other purpose,
bbmp-custody,161,0,South,Bangalore South,Karisandra lake,,Karisandra lake,Karisandra,7,Karisandra - 7,13,0,13.0,used for other purpose,Being used for other purpose,
bbmp-custody,162,0,West,West,Anche ramana kere (Gangondanahalli),,Anche ramana kere (Gangondanahalli),Gangondana halli,8,Gangondana halli- 8,2,15,2.375,used for other purpose,Being used for other purpose,
bbmp-custody,163,0,East,East,Byatagunte Playa,,Byatagunte Playa,Byatagunte palya,14,Byatagunte palya- 14,4,27,4.675,used for other purpose,Being used for other purpose,
bbmp-custody,164,0,East,East,Lingarajapura Lake,,Lingarajapura Lake,Lingarajapura,49,Lingarajapura-49,15,20,15.5,used for other purpose,Being used for other purpose,
bbmp-custody,165,0,East,East,Geddalahalli,,Geddalahalli,Geddalahalli,3,Geddalahalli-03,21,18,21.45,used for other purpose,Being used for other purpose,
bbmp-custody,166,0,West,West,Sanigoruvahalli,,Sanigoruvahalli,Sanigoruvahalli,120,Sanigoruvahalli- 120,15,24,15.6,used for other purpose,Being used for other purpose,
bbmp-custody,167,0,West,West,Shivanahalli (Agrahara Dasarahalli),,Shivanahalli (Agrahara Dasarahalli),Sanigoruvahalli,31,Sanigoruvahalli- 31,8,33,8.825,used for other purpose,Being used for other purpose,
