histId,year,lat,lon,areaM2,nearestId,nearestDistanceM,alsoOnMaps,sheet,confidence,source
soi-57g12-1927-0001,1927,13.249101,77.736796,73783,binnamangala-kere-l,811,ams-nd44-9-1955-0094,soi-57g12-1927,high,soi-57g12-1927
soi-57g12-1927-0019,1927,13.229223,77.656965,7157,kannamangala-kere-2,795,,soi-57g12-1927,medium,soi-57g12-1927
soi-57g12-1927-0049,1927,13.197117,77.699451,14625,bandikodigenahalli-amani-kere,1835,,soi-57g12-1927,high,soi-57g12-1927
soi-57g12-1927-0074,1927,13.167169,77.501663,5342,unnamed-tank-near-muthkuru,75,ams-nd43-12-1955-0248,soi-57g12-1927,low,soi-57g12-1927
soi-57g12-1927-0077,1927,13.16407,77.626739,20478,chikka-jala-amani-kere,742,,soi-57g12-1927,high,soi-57g12-1927
soi-57g12-1927-0135,1927,13.091344,77.597357,7585,shivanahalli-lake,73,ams-nd44-9-1955-0270,soi-57g12-1927,medium,soi-57g12-1927
soi-57g12-1927-0143,1927,13.082311,77.718581,6644,gunduru-kere,566,,soi-57g12-1927,medium,soi-57g12-1927
soi-57g12-1927-0159,1927,13.063291,77.511861,5519,chikkasandra-kunte2,210,,soi-57g12-1927,low,soi-57g12-1927
soi-57g12-1927-0172,1927,13.036799,77.730897,35432,yellamallappashetti-kere,99,ams-nd44-9-1955-0321,soi-57g12-1927,high,soi-57g12-1927
soi-57g12-1927-0196,1927,13.011455,77.681629,4097,kowdenahalli-kere,239,,soi-57g12-1927,low,soi-57g12-1927
soi-57h9-1945-0001,1945,13.000382,77.639838,20156,lingarajapura-lake-2,450,,soi-57h9-1945,low,soi-57h9-1945
soi-57h9-1945-0007,1945,12.98662,77.704135,36507,hoodi-kunte7,302,,soi-57h9-1945,low,soi-57h9-1945
soi-57h9-1945-0019,1945,12.971163,77.512288,34455,mallathahalli-kunte1,364,,soi-57h9-1945,low,soi-57h9-1945
soi-57h9-1945-0026,1945,12.965947,77.56623,20396,dharmambudy-lake,1104,,soi-57h9-1945,low,soi-57h9-1945
soi-57h9-1945-0028,1945,12.963367,77.691326,27434,doddanekkudi-kunte4,131,,soi-57h9-1945,low,soi-57h9-1945
soi-57h9-1945-0031,1945,12.957747,77.580596,51470,sunnakall-kere,785,,soi-57h9-1945,low,soi-57h9-1945
soi-57h9-1945-0032,1945,12.956539,77.543475,30222,kempapura-agrahara-kunte-1,720,,soi-57h9-1945,low,soi-57h9-1945
soi-57h9-1945-0034,1945,12.950785,77.656976,42250,chellaghatta-kere,361,,soi-57h9-1945,low,soi-57h9-1945
soi-57h9-1945-0038,1945,12.945419,77.666756,35519,belur-kunte,208,,soi-57h9-1945,low,soi-57h9-1945
soi-57h9-1945-0040,1945,12.944611,77.591307,20554,siddapur-kere,132,,soi-57h9-1945,low,soi-57h9-1945
soi-57h9-1945-0042,1945,12.941565,77.693934,25761,kadabisanahalli-kunte2,457,,soi-57h9-1945,low,soi-57h9-1945
soi-57h9-1945-0044,1945,12.93638,77.628971,59669,koramangala-kere,235,ams-nd44-13-1955-0031,soi-57h9-1945,low,soi-57h9-1945
soi-57h9-1945-0050,1945,12.932117,77.566739,30921,cannammakere,199,,soi-57h9-1945,low,soi-57h9-1945
soi-57h9-1945-0080,1945,12.903522,77.698813,44612,doddakannalli-kunte4,340,,soi-57h9-1945,low,soi-57h9-1945
soi-57h9-1945-0092,1945,12.896693,77.523075,29976,thurahalli-kunte,1230,,soi-57h9-1945,low,soi-57h9-1945
soi-57h9-1945-0097,1945,12.890331,77.62966,35565,chikkabegur-kere,539,,soi-57h9-1945,low,soi-57h9-1945
soi-57h9-1945-0116,1945,12.86949,77.525861,25293,hosahalli-kunte,388,,soi-57h9-1945,low,soi-57h9-1945
soi-57h9-1945-0129,1945,12.850089,77.740291,57186,kommasandra-kere-1,312,ams-nd44-13-1955-0074,soi-57h9-1945,low,soi-57h9-1945
soi-57h9-1945-0140,1945,12.839273,77.739326,292991,muttanallur-kere,563,ams-nd44-13-1955-0081,soi-57h9-1945,medium,soi-57h9-1945
soi-57h9-1945-0160,1945,12.804135,77.684246,22863,bommasandra-lake,524,,soi-57h9-1945,low,soi-57h9-1945
soi-57h9-1945-0170,1945,12.79389,77.715214,20575,tirumagondanahalli-lake,126,,soi-57h9-1945,low,soi-57h9-1945
soi-57h9-1945-0173,1945,12.790779,77.709499,21590,tirumagondanahalli-lake,674,,soi-57h9-1945,low,soi-57h9-1945
soi-57h9-1945-0178,1945,12.77443,77.71058,45047,adesonatti-lake,646,,soi-57h9-1945,low,soi-57h9-1945
soi-57h9-1945-0185,1945,12.766225,77.67837,44209,hinnakki-lake,315,,soi-57h9-1945,low,soi-57h9-1945
soi-57h9-1945-0190,1945,12.755693,77.635236,32495,konasandra-lake-2,350,,soi-57h9-1945,low,soi-57h9-1945
ams-nd43-12-1955-0001,1955,13.509967,77.365998,138956,banavati-lake,3993,,ams-nd43-12-1955,medium,ams-nd43-12-1955
ams-nd43-12-1955-0002,1955,13.506606,77.401842,290676,unnamed-tank-near-banavati,2606,,ams-nd43-12-1955,high,ams-nd43-12-1955
ams-nd43-12-1955-0003,1955,13.501968,77.375781,199218,banavati-lake,2809,,ams-nd43-12-1955,high,ams-nd43-12-1955
ams-nd43-12-1955-0004,1955,13.499451,77.363833,85784,unnamed-tank-near-chikka-saggere,3045,,ams-nd43-12-1955,medium,ams-nd43-12-1955
ams-nd43-12-1955-0005,1955,13.496564,77.44722,187878,unnamed-tank-near-dyavasandra,1271,,ams-nd43-12-1955,high,ams-nd43-12-1955
ams-nd43-12-1955-0006,1955,13.491841,77.436627,143921,unnamed-tank-near-dyavasandra,1309,,ams-nd43-12-1955,medium,ams-nd43-12-1955
ams-nd43-12-1955-0007,1955,13.490963,77.406253,106345,unnamed-tank-near-banavati,985,,ams-nd43-12-1955,medium,ams-nd43-12-1955
ams-nd43-12-1955-0008,1955,13.489971,77.400871,209853,unnamed-tank-near-banavati,929,,ams-nd43-12-1955,high,ams-nd43-12-1955
ams-nd43-12-1955-0009,1955,13.487822,77.342333,76567,unnamed-tank-near-chikka-saggere,920,,ams-nd43-12-1955,medium,ams-nd43-12-1955
ams-nd43-12-1955-0010,1955,13.48633,77.332923,341714,unnamed-tank-near-madhya-venkatapura,476,,ams-nd43-12-1955,high,ams-nd43-12-1955
ams-nd43-12-1955-0011,1955,13.483564,77.432203,244594,unnamed-tank-near-dyavasandra,1078,,ams-nd43-12-1955,high,ams-nd43-12-1955
ams-nd43-12-1955-0012,1955,13.48115,77.396566,313361,singrayanapalya-lake,549,,ams-nd43-12-1955,high,ams-nd43-12-1955
ams-nd43-12-1955-0014,1955,13.480013,77.422885,252392,amalgunte-lake,899,,ams-nd43-12-1955,high,ams-nd43-12-1955
ams-nd43-12-1955-0015,1955,13.478864,77.494586,361580,unnamed-tank-near-dyavasandra-2,2751,,ams-nd43-12-1955,high,ams-nd43-12-1955
ams-nd43-12-1955-0018,1955,13.479039,77.372912,53881,banavati-lake,873,,ams-nd43-12-1955,low,ams-nd43-12-1955
ams-nd43-12-1955-0027,1955,13.466031,77.356997,585593,sukaligarahath-lake,237,,ams-nd43-12-1955,high,ams-nd43-12-1955
ams-nd43-12-1955-0028,1955,13.461727,77.452341,60971,unnamed-tank-near-hosakote,932,,ams-nd43-12-1955,low,ams-nd43-12-1955
ams-nd43-12-1955-0032,1955,13.455492,77.479971,62390,unnamed-tank-near-ojenahalli,1211,,ams-nd43-12-1955,low,ams-nd43-12-1955
ams-nd43-12-1955-0035,1955,13.449606,77.342757,65932,unnamed-tank-near-gaudanakunte,1467,,ams-nd43-12-1955,low,ams-nd43-12-1955
ams-nd43-12-1955-0041,1955,13.434167,77.338082,2971880,unnamed-tank-near-obanaykanapalya,566,,ams-nd43-12-1955,high,ams-nd43-12-1955
ams-nd43-12-1955-0050,1955,13.416018,77.496592,73024,sonnenahalli-lake-2,225,,ams-nd43-12-1955,low,ams-nd43-12-1955
ams-nd43-12-1955-0052,1955,13.40746,77.302774,105630,unnamed-tank-near-pataganahalli,1274,,ams-nd43-12-1955,medium,ams-nd43-12-1955
ams-nd43-12-1955-0061,1955,13.395035,77.30956,63803,unnamed-tank-near-chinnahalli,1481,,ams-nd43-12-1955,low,ams-nd43-12-1955
ams-nd43-12-1955-0066,1955,13.381155,77.387342,70185,kanakenahalli-lake,173,,ams-nd43-12-1955,low,ams-nd43-12-1955
ams-nd43-12-1955-0070,1955,13.371639,77.345334,50334,vaderahalli-lake-2,732,,ams-nd43-12-1955,low,ams-nd43-12-1955
ams-nd43-12-1955-0079,1955,13.357443,77.280383,52460,unnamed-tank-near-mitrahalli,1172,,ams-nd43-12-1955,low,ams-nd43-12-1955
ams-nd43-12-1955-0085,1955,13.352313,77.242007,56713,unnamed-tank-near-urdigere,611,,ams-nd43-12-1955,low,ams-nd43-12-1955
ams-nd43-12-1955-0086,1955,13.350461,77.331259,58132,unnamed-tank-near-katenahalli,753,,ams-nd43-12-1955,low,ams-nd43-12-1955
ams-nd43-12-1955-0092,1955,13.340121,77.371905,52461,sirigonahalli-lake,635,,ams-nd43-12-1955,low,ams-nd43-12-1955
ams-nd43-12-1955-0094,1955,13.336608,77.441018,58842,unnamed-tank-near-vanigarahalli,624,,ams-nd43-12-1955,low,ams-nd43-12-1955
ams-nd43-12-1955-0097,1955,13.330312,77.218502,55294,unnamed-tank-near-byata,1033,,ams-nd43-12-1955,low,ams-nd43-12-1955
ams-nd43-12-1955-0100,1955,13.322778,77.376999,60259,unnamed-tank-near-gundlahalli,362,,ams-nd43-12-1955,low,ams-nd43-12-1955
ams-nd43-12-1955-0103,1955,13.320297,77.216738,59547,unnamed-tank-near-byata,358,,ams-nd43-12-1955,low,ams-nd43-12-1955
ams-nd43-12-1955-0110,1955,13.31211,77.195764,2832724,unnamed-tank-near-hodekallu,282,,ams-nd43-12-1955,high,ams-nd43-12-1955
ams-nd43-12-1955-0116,1955,13.31039,77.233728,60256,unnamed-tank-near-makenahalli,467,,ams-nd43-12-1955,low,ams-nd43-12-1955
ams-nd43-12-1955-0123,1955,13.300586,77.316298,59549,siddayyanpalya-lake,204,,ams-nd43-12-1955,low,ams-nd43-12-1955
ams-nd43-12-1955-0125,1955,13.294163,77.438003,105631,unnamed-tank-near-kugonahalli-2,1703,,ams-nd43-12-1955,medium,ams-nd43-12-1955
ams-nd43-12-1955-0128,1955,13.284494,77.471086,210555,unnamed-tank-near-huskuru,929,,ams-nd43-12-1955,high,ams-nd43-12-1955
ams-nd43-12-1955-0133,1955,13.283104,77.166921,297729,unnamed-tank-near-nandihalli-2,3398,,ams-nd43-12-1955,high,ams-nd43-12-1955
ams-nd43-12-1955-0134,1955,13.279581,77.343114,235359,dyavasandra-lake-2,977,,ams-nd43-12-1955,high,ams-nd43-12-1955
ams-nd43-12-1955-0136,1955,13.27798,77.221853,68762,unnamed-tank-near-nandihalli,1243,,ams-nd43-12-1955,low,ams-nd43-12-1955
ams-nd43-12-1955-0138,1955,13.275089,77.49043,119102,menasi-lake,849,,ams-nd43-12-1955,medium,ams-nd43-12-1955
ams-nd43-12-1955-0141,1955,13.273262,77.397333,55296,kasaghatta-lake,382,,ams-nd43-12-1955,low,ams-nd43-12-1955
ams-nd43-12-1955-0143,1955,13.272523,77.178222,180055,unnamed-tank-near-nandihalli-2,2027,,ams-nd43-12-1955,high,ams-nd43-12-1955
ams-nd43-12-1955-0146,1955,13.267609,77.452976,271521,unnamed-tank-near-huskuru,641,,ams-nd43-12-1955,high,ams-nd43-12-1955
ams-nd43-12-1955-0153,1955,13.261862,77.166404,80103,unnamed-tank-near-kamalapura,2784,,ams-nd43-12-1955,medium,ams-nd43-12-1955
ams-nd43-12-1955-0154,1955,13.254851,77.233529,59546,nijagal-lake,591,,ams-nd43-12-1955,low,ams-nd43-12-1955
ams-nd43-12-1955-0164,1955,13.245056,77.444266,53878,mallohalli-kere,483,,ams-nd43-12-1955,low,ams-nd43-12-1955
ams-nd43-12-1955-0177,1955,13.234174,77.166948,97115,unnamed-tank-near-kamalapura,1095,,ams-nd43-12-1955,medium,ams-nd43-12-1955
ams-nd43-12-1955-0180,1955,13.231384,77.190238,73014,unnamed-tank-near-kamalapura,806,,ams-nd43-12-1955,low,ams-nd43-12-1955
ams-nd43-12-1955-0181,1955,13.231527,77.15185,420846,unnamed-tank-near-kamalapura,2019,,ams-nd43-12-1955,high,ams-nd43-12-1955
ams-nd43-12-1955-0182,1955,13.228894,77.274578,58129,timmanayayakanahalli-lake-1,687,,ams-nd43-12-1955,low,ams-nd43-12-1955
ams-nd43-12-1955-0192,1955,13.220144,77.144892,51038,somasagara-lake,3825,,ams-nd43-12-1955,low,ams-nd43-12-1955
ams-nd43-12-1955-0194,1955,13.21847,77.136492,165164,somasagara-lake,4503,,ams-nd43-12-1955,high,ams-nd43-12-1955
ams-nd43-12-1955-0198,1955,13.211449,77.479485,65930,unnamed-tank-near-karlapura,159,,ams-nd43-12-1955,low,ams-nd43-12-1955
ams-nd43-12-1955-0204,1955,13.209822,77.333663,65928,ishvanahalli-5r,846,,ams-nd43-12-1955,low,ams-nd43-12-1955
ams-nd43-12-1955-0209,1955,13.205812,77.162995,866940,unnamed-tank-near-chikka-koratagere,1135,,ams-nd43-12-1955,high,ams-nd43-12-1955
ams-nd43-12-1955-0232,1955,13.179498,77.161905,143189,unnamed-tank-near-chikka-koratagere,2930,,ams-nd43-12-1955,medium,ams-nd43-12-1955
ams-nd43-12-1955-0246,1955,13.166103,77.154517,59544,unnamed-tank-near-shrigiripura,3506,,ams-nd43-12-1955,low,ams-nd43-12-1955
ams-nd43-12-1955-0253,1955,13.161023,77.304023,60964,chikkannayyan-kere,146,,ams-nd43-12-1955,low,ams-nd43-12-1955
ams-nd43-12-1955-0262,1955,13.15195,77.175642,306935,unnamed-tank-near-shrigiripura,652,,ams-nd43-12-1955,high,ams-nd43-12-1955
ams-nd43-12-1955-0264,1955,13.147656,77.466657,63802,unnamed-tank-near-guddadahalli,436,,ams-nd43-12-1955,low,ams-nd43-12-1955
ams-nd43-12-1955-0279,1955,13.134989,77.448482,73726,totagere-kere,162,,ams-nd43-12-1955,low,ams-nd43-12-1955
ams-nd43-12-1955-0283,1955,13.131668,77.296491,60255,hulkur-kere,403,,ams-nd43-12-1955,low,ams-nd43-12-1955
ams-nd43-12-1955-0289,1955,13.124556,77.241185,51038,unnamed-tank-near-udukunte,996,,ams-nd43-12-1955,low,ams-nd43-12-1955
ams-nd43-12-1955-0294,1955,13.122148,77.196837,60253,unnamed-tank-near-ajjahalli,566,,ams-nd43-12-1955,low,ams-nd43-12-1955
ams-nd43-12-1955-0295,1955,13.119059,77.480715,134693,unnamed-tank-near-viniyaka-layout,354,,ams-nd43-12-1955,medium,ams-nd43-12-1955
ams-nd43-12-1955-0296,1955,13.119546,77.313468,60964,govindapura-lo-kere,869,,ams-nd43-12-1955,low,ams-nd43-12-1955
ams-nd43-12-1955-0303,1955,13.110478,77.332578,57419,unnamed-tank-near-bairasandra,554,,ams-nd43-12-1955,low,ams-nd43-12-1955
ams-nd43-12-1955-0315,1955,13.099246,77.24206,52456,unnamed-tank-near-tattekere-2,725,,ams-nd43-12-1955,low,ams-nd43-12-1955
ams-nd43-12-1955-0326,1955,13.082185,77.213787,70176,unnamed-tank-near-arishinakunte,1371,,ams-nd43-12-1955,low,ams-nd43-12-1955
ams-nd43-12-1955-0340,1955,13.060915,77.226336,72303,unnamed-tank-near-madigondanahalli,1271,,ams-nd43-12-1955,low,ams-nd43-12-1955
ams-nd43-12-1955-0342,1955,13.060115,77.263265,102784,unnamed-tank-near-gudemaranahalli,847,,ams-nd43-12-1955,medium,ams-nd43-12-1955
ams-nd43-12-1955-0348,1955,13.050157,77.428558,64509,timmaboyipalya-kere,994,,ams-nd43-12-1955,low,ams-nd43-12-1955
ams-nd43-12-1955-0351,1955,13.042698,77.466558,59547,unnamed-tank-near-dombarahalli,567,,ams-nd43-12-1955,low,ams-nd43-12-1955
ams-nd43-12-1955-0364,1955,13.023839,77.339916,72304,soldevanahalli-kere-2,299,,ams-nd43-12-1955,low,ams-nd43-12-1955
ams-nd43-12-1955-0370,1955,13.018412,77.336641,69469,soldevanahalli-kere-2,369,,ams-nd43-12-1955,low,ams-nd43-12-1955
ams-nd43-12-1955-0375,1955,13.011718,77.442869,63800,byandahalli-kunte1,274,,ams-nd43-12-1955,low,ams-nd43-12-1955
ams-nd43-12-1955-0380,1955,13.00454,77.367929,73013,unnamed-tank-near-banasawadi,754,,ams-nd43-12-1955,low,ams-nd43-12-1955
ams-nd43-12-1955-0383,1955,13.003048,77.358015,69469,unnamed-tank-near-naganahalli,544,,ams-nd43-12-1955,low,ams-nd43-12-1955
ams-nd43-16-1955-0002,1955,12.993873,77.406368,51659,unnamed-tank-near-giddenahalli,554,,ams-nd43-16-1955,low,ams-nd43-16-1955
ams-nd43-16-1955-0022,1955,12.815288,77.372567,72915,unnamed-tank-near-ketaganahalli,1035,,ams-nd43-16-1955,low,ams-nd43-16-1955
ams-nd43-16-1955-0027,1955,12.777358,77.444946,136624,unnamed-tank-near-kadirenahalli,1732,,ams-nd43-16-1955,medium,ams-nd43-16-1955
ams-nd43-16-1955-0029,1955,12.774725,77.383412,424064,unnamed-tank-near-kenchanakuppe,2937,,ams-nd43-16-1955,high,ams-nd43-16-1955
ams-nd43-16-1955-0030,1955,12.758712,77.407161,56636,unnamed-tank-near-kodihalli-3,3109,,ams-nd43-16-1955,low,ams-nd43-16-1955
ams-nd43-16-1955-0031,1955,12.744905,77.45056,186186,gollarapalya-lake,1673,,ams-nd43-16-1955,high,ams-nd43-16-1955
ams-nd43-16-1955-0032,1955,12.743577,77.426033,171325,unnamed-tank-near-kodihalli-3,724,,ams-nd43-16-1955,high,ams-nd43-16-1955
ams-nd43-16-1955-0033,1955,12.735777,77.416516,242127,unnamed-tank-near-kodihalli-3,541,,ams-nd43-16-1955,high,ams-nd43-16-1955
ams-nd43-16-1955-0034,1955,12.734888,77.447372,56636,unnamed-tank-near-kodihalli-3,1956,,ams-nd43-16-1955,low,ams-nd43-16-1955
ams-nd43-16-1955-0036,1955,12.725068,77.439827,489913,unnamed-tank-near-kodihalli-3,1146,,ams-nd43-16-1955,high,ams-nd43-16-1955
ams-nd43-16-1955-0037,1955,12.711964,77.445727,124604,unnamed-tank-near-kodihalli-3,2715,,ams-nd43-16-1955,medium,ams-nd43-16-1955
ams-nd43-16-1955-0038,1955,12.707507,77.483585,50264,kaggalhalli-lake,2234,,ams-nd43-16-1955,low,ams-nd43-16-1955
ams-nd44-13-1955-0001,1955,12.996462,77.916163,121741,unnamed-tank-near-chokkandahalli,3432,,ams-nd44-13-1955,medium,ams-nd44-13-1955
ams-nd44-13-1955-0003,1955,12.987942,77.908679,501702,unnamed-tank-near-sitanayakanahalli,3166,,ams-nd44-13-1955,high,ams-nd44-13-1955
ams-nd44-13-1955-0008,1955,12.972323,77.942829,86845,unnamed-tank-near-sitanayakanahalli,2579,,ams-nd44-13-1955,medium,ams-nd44-13-1955
ams-nd44-13-1955-0014,1955,12.966095,77.895126,1965765,unnamed-tank-near-sitanayakanahalli,2367,,ams-nd44-13-1955,high,ams-nd44-13-1955
ams-nd44-13-1955-0023,1955,12.944785,77.907289,70566,unnamed-tank-near-sitanayakanahalli,1387,,ams-nd44-13-1955,low,ams-nd44-13-1955
ams-nd44-13-1955-0024,1955,12.942064,77.876057,127953,narayankere-lake,1872,,ams-nd44-13-1955,medium,ams-nd44-13-1955
ams-nd44-13-1955-0028,1955,12.933784,77.891029,1491992,unnamed-tank-near-alambadi,2747,,ams-nd44-13-1955,high,ams-nd44-13-1955
ams-nd44-13-1955-0029,1955,12.932715,77.926043,53505,unnamed-tank-near-minasandra,1438,,ams-nd44-13-1955,low,ams-nd44-13-1955
ams-nd44-13-1955-0041,1955,12.909387,77.891453,507159,unnamed-tank-near-alambadi,712,,ams-nd44-13-1955,high,ams-nd44-13-1955
ams-nd44-13-1955-0042,1955,12.90659,77.902846,319491,unnamed-tank-near-siddanahalli,668,,ams-nd44-13-1955,high,ams-nd44-13-1955
ams-nd44-13-1955-0044,1955,12.904053,77.873421,58162,unnamed-tank-near-alambadi,964,,ams-nd44-13-1955,low,ams-nd44-13-1955
ams-nd44-13-1955-0053,1955,12.888273,77.87567,381543,unnamed-tank-near-kalkere,763,,ams-nd44-13-1955,high,ams-nd44-13-1955
ams-nd44-13-1955-0054,1955,12.887401,77.888535,58937,unnamed-tank-near-alambadi,1062,,ams-nd44-13-1955,low,ams-nd44-13-1955
ams-nd44-13-1955-0068,1955,12.86593,77.896394,66692,unnamed-tank-near-sampangere,1574,,ams-nd44-13-1955,low,ams-nd44-13-1955
ams-nd44-13-1955-0074,1955,12.851638,77.741158,76011,kommasandra-kere-1,153,soi-57h9-1945-0129,ams-nd44-13-1955,medium,ams-nd44-13-1955
ams-nd44-13-1955-0077,1955,12.843003,77.878152,71347,unnamed-tank-near-bagalur,1099,,ams-nd44-13-1955,low,ams-nd44-13-1955
ams-nd44-13-1955-0081,1955,12.837623,77.740291,61274,muttanallur-kere,699,soi-57h9-1945-0140,ams-nd44-13-1955,low,ams-nd44-13-1955
ams-nd44-13-1955-0093,1955,12.816872,77.525109,55858,unnamed-tank-near-vobichudahalli-obichudanahalli,197,,ams-nd44-13-1955,low,ams-nd44-13-1955
ams-nd44-13-1955-0097,1955,12.806316,77.805934,107031,bidarguppe-kere,1095,,ams-nd44-13-1955,medium,ams-nd44-13-1955
ams-nd44-13-1955-0104,1955,12.787346,77.834162,121764,unnamed-tank-near-begepalli,2623,,ams-nd44-13-1955,medium,ams-nd44-13-1955
ams-nd44-13-1955-0118,1955,12.758008,77.806063,66702,unnamed-tank-near-begepalli,1966,,ams-nd44-13-1955,low,ams-nd44-13-1955
ams-nd44-13-1955-0126,1955,12.73957,77.815089,421928,unnamed-tank-near-bommandapalli,3091,,ams-nd44-13-1955,high,ams-nd44-13-1955
ams-nd44-13-1955-0131,1955,12.728977,77.743512,54297,halehalli-south-lake,708,,ams-nd44-13-1955,low,ams-nd44-13-1955
ams-nd44-13-1955-0133,1955,12.72644,77.819387,355227,unnamed-tank-near-bommandapalli,3307,,ams-nd44-13-1955,high,ams-nd44-13-1955
ams-nd44-13-1955-0137,1955,12.71133,77.808206,241217,unnamed-tank-near-bommandapalli,2616,,ams-nd44-13-1955,high,ams-nd44-13-1955
ams-nd44-13-1955-0143,1955,12.697157,77.799943,636793,unnamed-tank-near-poonapalli,1402,,ams-nd44-13-1955,high,ams-nd44-13-1955
ams-nd44-13-1955-0145,1955,12.688505,77.67592,119464,patnagere-gollahalli-lake,551,,ams-nd44-13-1955,medium,ams-nd44-13-1955
ams-nd44-13-1955-0149,1955,12.673352,77.728611,108598,visweswaraiihnagar-east-lake,943,,ams-nd44-13-1955,medium,ams-nd44-13-1955
ams-nd44-13-1955-0151,1955,12.671862,77.774967,52745,unnamed-tank-near-poonapalli-2,524,,ams-nd44-13-1955,low,ams-nd44-13-1955
ams-nd44-13-1955-0152,1955,12.670454,77.703023,65161,kanavapalli-lake,729,,ams-nd44-13-1955,low,ams-nd44-13-1955
ams-nd44-13-1955-0156,1955,12.648293,77.719607,51197,kanavapalli-lake,1805,,ams-nd44-13-1955,low,ams-nd44-13-1955
ams-nd44-13-1955-0157,1955,12.637134,77.732707,52748,unnamed-tank-near-uliveeranapalli,2229,,ams-nd44-13-1955,low,ams-nd44-13-1955
ams-nd44-13-1955-0158,1955,12.62372,77.681295,146618,unnamed-tank-near-soluru-2,2665,,ams-nd44-13-1955,medium,ams-nd44-13-1955
ams-nd44-13-1955-0159,1955,12.622178,77.713072,347528,menasiganahalli-lake,3745,,ams-nd44-13-1955,high,ams-nd44-13-1955
ams-nd44-9-1955-0003,1955,13.437229,77.517084,711817,unnamed-tank-near-chikkahosahalli-2,1124,,ams-nd44-9-1955,high,ams-nd44-9-1955
ams-nd44-9-1955-0004,1955,13.433451,77.632627,106184,unnamed-tank-near-korlahalli,4376,,ams-nd44-9-1955,medium,ams-nd44-9-1955
ams-nd44-9-1955-0006,1955,13.407034,77.716729,57730,unnamed-tank-near-arasanahalli,1688,,ams-nd44-9-1955,low,ams-nd44-9-1955
ams-nd44-9-1955-0010,1955,13.388819,77.746635,300777,unnamed-tank-near-arasanahalli,2350,,ams-nd44-9-1955,high,ams-nd44-9-1955
ams-nd44-9-1955-0012,1955,13.388007,77.706708,183164,unnamed-tank-near-arasanahalli,638,,ams-nd44-9-1955,high,ams-nd44-9-1955
ams-nd44-9-1955-0013,1955,13.386492,77.689414,59865,unnamed-tank-near-suddahalli,2478,,ams-nd44-9-1955,low,ams-nd44-9-1955
ams-nd44-9-1955-0014,1955,13.385753,77.732664,129716,unnamed-tank-near-arasanahalli,1164,,ams-nd44-9-1955,medium,ams-nd44-9-1955
ams-nd44-9-1955-0015,1955,13.381843,77.753545,181038,unnamed-tank-near-nakkalahall,2649,,ams-nd44-9-1955,high,ams-nd44-9-1955
ams-nd44-9-1955-0016,1955,13.379392,77.632943,51309,chennapura-kere,806,,ams-nd44-9-1955,low,ams-nd44-9-1955
ams-nd44-9-1955-0021,1955,13.362487,77.732025,282236,unnamed-tank-near-yaluvahalli,643,,ams-nd44-9-1955,high,ams-nd44-9-1955
ams-nd44-9-1955-0026,1955,13.355491,77.797823,846071,unnamed-tank-near-malluru-2,925,,ams-nd44-9-1955,high,ams-nd44-9-1955
ams-nd44-9-1955-0035,1955,13.329068,77.82814,54173,unnamed-tank-near-malluru-2,2080,,ams-nd44-9-1955,low,ams-nd44-9-1955
ams-nd44-9-1955-0042,1955,13.316916,77.885994,54177,unnamed-tank-near-nallenahalli,1731,,ams-nd44-9-1955,low,ams-nd44-9-1955
ams-nd44-9-1955-0053,1955,13.303179,77.716635,94786,dasarahalli-kere-2,1248,,ams-nd44-9-1955,medium,ams-nd44-9-1955
ams-nd44-9-1955-0054,1955,13.301531,77.826177,9048818,unnamed-tank-near-nallenahalli-2,1618,,ams-nd44-9-1955,high,ams-nd44-9-1955
ams-nd44-9-1955-0056,1955,13.301422,77.540351,52724,doddaballapur-kere,305,,ams-nd44-9-1955,low,ams-nd44-9-1955
ams-nd44-9-1955-0057,1955,13.296433,77.938924,67725,unnamed-tank-near-yennur,2449,,ams-nd44-9-1955,low,ams-nd44-9-1955
ams-nd44-9-1955-0068,1955,13.276126,77.887145,251632,unnamed-tank-near-yennur,2590,,ams-nd44-9-1955,high,ams-nd44-9-1955
ams-nd44-9-1955-0069,1955,13.278036,77.718776,64853,lalagondanahalli-kere,769,,ams-nd44-9-1955,low,ams-nd44-9-1955
ams-nd44-9-1955-0070,1955,13.274979,77.971502,264495,unnamed-tank-near-urati-agrahara,3212,,ams-nd44-9-1955,high,ams-nd44-9-1955
ams-nd44-9-1955-0075,1955,13.268622,77.783249,71985,unnamed-tank-near-dharmapura,1719,,ams-nd44-9-1955,low,ams-nd44-9-1955
ams-nd44-9-1955-0076,1955,13.266452,77.886541,69858,unnamed-tank-near-ambiga,3346,,ams-nd44-9-1955,low,ams-nd44-9-1955
ams-nd44-9-1955-0077,1955,13.266686,77.835777,82683,unnamed-tank-near-dharmapura,3341,,ams-nd44-9-1955,medium,ams-nd44-9-1955
ams-nd44-9-1955-0078,1955,13.266042,77.872817,915970,unnamed-tank-near-nallenahalli-2,2518,,ams-nd44-9-1955,high,ams-nd44-9-1955
ams-nd44-9-1955-0080,1955,13.263201,77.902196,73423,unnamed-tank-near-ambiga,2578,,ams-nd44-9-1955,low,ams-nd44-9-1955
ams-nd44-9-1955-0083,1955,13.260758,77.820296,130285,unnamed-tank-near-dharmapura,2095,,ams-nd44-9-1955,medium,ams-nd44-9-1955
ams-nd44-9-1955-0090,1955,13.255053,77.761109,58441,binnamangala-kere-l,1410,,ams-nd44-9-1955,low,ams-nd44-9-1955
ams-nd44-9-1955-0091,1955,13.252408,77.971506,1147082,unnamed-tank-near-dalasagere,2192,,ams-nd44-9-1955,high,ams-nd44-9-1955
ams-nd44-9-1955-0092,1955,13.251749,77.92153,293699,unnamed-tank-near-chikkondahalli,1544,,ams-nd44-9-1955,high,ams-nd44-9-1955
ams-nd44-9-1955-0094,1955,13.249624,77.737201,183869,binnamangala-kere-l,517,soi-57g12-1927-0001,ams-nd44-9-1955,high,ams-nd44-9-1955
ams-nd44-9-1955-0096,1955,13.246718,77.886199,107636,unnamed-tank-near-ambiga,1527,,ams-nd44-9-1955,medium,ams-nd44-9-1955
ams-nd44-9-1955-0098,1955,13.245143,77.796677,57018,channarayapatna-lake,208,,ams-nd44-9-1955,low,ams-nd44-9-1955
ams-nd44-9-1955-0099,1955,13.241944,77.994301,3108384,hanumantapura-lake,2675,,ams-nd44-9-1955,high,ams-nd44-9-1955
ams-nd44-9-1955-0103,1955,13.238252,77.971259,142581,hanumantapura-lake,1376,,ams-nd44-9-1955,medium,ams-nd44-9-1955
ams-nd44-9-1955-0123,1955,13.221923,77.962221,419892,arehalli-lake,512,,ams-nd44-9-1955,high,ams-nd44-9-1955
ams-nd44-9-1955-0124,1955,13.222463,77.701763,177443,dodda-sanne-kere,396,,ams-nd44-9-1955,high,ams-nd44-9-1955
ams-nd44-9-1955-0125,1955,13.217568,77.97657,1296059,hanumantapura-lake,1918,,ams-nd44-9-1955,high,ams-nd44-9-1955
ams-nd44-9-1955-0142,1955,13.208071,77.933059,68434,nelavagilu-lake,591,,ams-nd44-9-1955,low,ams-nd44-9-1955
ams-nd44-9-1955-0144,1955,13.207289,77.996395,1457209,arehalli-lake,4150,,ams-nd44-9-1955,high,ams-nd44-9-1955
ams-nd44-9-1955-0147,1955,13.20356,77.983006,86261,arehalli-lake,3468,,ams-nd44-9-1955,medium,ams-nd44-9-1955
ams-nd44-9-1955-0148,1955,13.203727,77.968554,753522,arehalli-lake,1597,,ams-nd44-9-1955,high,ams-nd44-9-1955
ams-nd44-9-1955-0155,1955,13.192565,77.962426,69862,doddaganahalli-lake,1428,,ams-nd44-9-1955,low,ams-nd44-9-1955
ams-nd44-9-1955-0156,1955,13.192529,77.983551,75567,doddaganahalli-lake,3589,,ams-nd44-9-1955,medium,ams-nd44-9-1955
ams-nd44-9-1955-0158,1955,13.194488,77.633665,65554,tarabanahalli-lake,589,,ams-nd44-9-1955,low,ams-nd44-9-1955
ams-nd44-9-1955-0160,1955,13.189481,77.976224,93389,doddaganahalli-lake,2793,,ams-nd44-9-1955,medium,ams-nd44-9-1955
ams-nd44-9-1955-0163,1955,13.18518,77.996136,1231905,doddaganahalli-lake,4518,,ams-nd44-9-1955,high,ams-nd44-9-1955
ams-nd44-9-1955-0170,1955,13.180127,77.983242,174659,doddaganahalli-lake,3473,,ams-nd44-9-1955,high,ams-nd44-9-1955
ams-nd44-9-1955-0173,1955,13.178955,77.701468,140383,bandikodigenahalli-amani-kere,791,,ams-nd44-9-1955,medium,ams-nd44-9-1955
ams-nd44-9-1955-0178,1955,13.174289,77.784399,50601,holegeripura-lake,880,,ams-nd44-9-1955,low,ams-nd44-9-1955
ams-nd44-9-1955-0185,1955,13.167889,77.973275,153269,gundarahalli-lake-2,2371,,ams-nd44-9-1955,high,ams-nd44-9-1955
ams-nd44-9-1955-0187,1955,13.164304,77.982911,117626,gundarahalli-lake-2,3473,,ams-nd44-9-1955,medium,ams-nd44-9-1955
ams-nd44-9-1955-0192,1955,13.160642,77.842745,50605,dodda-koliga-kere,524,,ams-nd44-9-1955,low,ams-nd44-9-1955
ams-nd44-9-1955-0196,1955,13.155994,77.997941,911796,marasandhalli-lake-2,4450,,ams-nd44-9-1955,high,ams-nd44-9-1955
ams-nd44-9-1955-0202,1955,13.151217,77.887283,51320,d-shettihalli-kere,458,,ams-nd44-9-1955,low,ams-nd44-9-1955
ams-nd44-9-1955-0203,1955,13.151884,77.771024,54162,sonnahallipura-lake,883,,ams-nd44-9-1955,low,ams-nd44-9-1955
ams-nd44-9-1955-0209,1955,13.14525,77.980851,277309,marasandhalli-lake-2,3392,,ams-nd44-9-1955,high,ams-nd44-9-1955
ams-nd44-9-1955-0225,1955,13.130795,77.998149,1269653,ramasandra-lake-1,4367,,ams-nd44-9-1955,high,ams-nd44-9-1955
ams-nd44-9-1955-0229,1955,13.127067,77.977129,157837,ramasandra-lake-1,2697,,ams-nd44-9-1955,high,ams-nd44-9-1955
ams-nd44-9-1955-0231,1955,13.126461,77.971039,112083,ramasandra-lake-1,2044,,ams-nd44-9-1955,medium,ams-nd44-9-1955
ams-nd44-9-1955-0236,1955,13.121856,77.963453,76988,ramasandra-lake-1,1162,,ams-nd44-9-1955,medium,ams-nd44-9-1955
ams-nd44-9-1955-0241,1955,13.114868,77.973232,153977,ramasandra-lake-1,1955,,ams-nd44-9-1955,high,ams-nd44-9-1955
ams-nd44-9-1955-0243,1955,13.112785,77.996457,99090,ramasandra-lake-1,4532,,ams-nd44-9-1955,medium,ams-nd44-9-1955
ams-nd44-9-1955-0244,1955,13.114817,77.788239,51312,vabasandra-lake,436,,ams-nd44-9-1955,low,ams-nd44-9-1955
ams-nd44-9-1955-0251,1955,13.108974,77.950478,77698,ramasandra-lake-1,219,,ams-nd44-9-1955,medium,ams-nd44-9-1955
ams-nd44-9-1955-0261,1955,13.097775,77.935408,69142,bhairanahali-lake-1,607,,ams-nd44-9-1955,low,ams-nd44-9-1955
ams-nd44-9-1955-0266,1955,13.09374,77.919989,195305,bhairanahali-lake-1,769,,ams-nd44-9-1955,high,ams-nd44-9-1955
ams-nd44-9-1955-0267,1955,13.090205,77.985182,71286,ramasandra-lake-1,4168,,ams-nd44-9-1955,low,ams-nd44-9-1955
ams-nd44-9-1955-0277,1955,13.081419,77.959003,201017,ramasandra-lake-1,3241,,ams-nd44-9-1955,high,ams-nd44-9-1955
ams-nd44-9-1955-0281,1955,13.076864,77.940341,83398,sitanayakanahalli-lake,2077,,ams-nd44-9-1955,medium,ams-nd44-9-1955
ams-nd44-9-1955-0287,1955,13.068807,77.888011,59871,chikka-taggali-kere,854,,ams-nd44-9-1955,low,ams-nd44-9-1955
ams-nd44-9-1955-0291,1955,13.064465,77.950839,856796,sitanayakanahalli-lake,1876,,ams-nd44-9-1955,high,ams-nd44-9-1955
ams-nd44-9-1955-0299,1955,13.054712,77.973724,274439,sitanayakanahalli-lake,4348,,ams-nd44-9-1955,high,ams-nd44-9-1955
ams-nd44-9-1955-0303,1955,13.054681,77.769744,54872,unnamed-tank-near-huskur-kodi,188,,ams-nd44-9-1955,low,ams-nd44-9-1955
ams-nd44-9-1955-0307,1955,13.05052,77.941481,652207,sitanayakanahalli-lake,801,,ams-nd44-9-1955,high,ams-nd44-9-1955
ams-nd44-9-1955-0309,1955,13.04836,77.617959,69821,nagawara-lake,554,,ams-nd44-9-1955,low,ams-nd44-9-1955
ams-nd44-9-1955-0316,1955,13.038771,77.940078,853917,unnamed-tank-near-chokkandahalli,989,,ams-nd44-9-1955,high,ams-nd44-9-1955
ams-nd44-9-1955-0318,1955,13.041202,77.634386,111858,hennur-lake,443,,ams-nd44-9-1955,medium,ams-nd44-9-1955
ams-nd44-9-1955-0319,1955,13.037235,77.967648,104071,sitanayakanahalli-lake,4457,,ams-nd44-9-1955,medium,ams-nd44-9-1955
ams-nd44-9-1955-0331,1955,13.029403,77.96662,394896,unnamed-tank-near-chokkandahalli,3686,,ams-nd44-9-1955,high,ams-nd44-9-1955
ams-nd44-9-1955-0332,1955,13.033234,77.60074,69106,nagawara-lake,1068,,ams-nd44-9-1955,low,ams-nd44-9-1955
ams-nd44-9-1955-0336,1955,13.024162,77.953196,81971,unnamed-tank-near-chokkandahalli,2977,,ams-nd44-9-1955,medium,ams-nd44-9-1955
ams-nd44-9-1955-0347,1955,13.018087,77.641447,73384,kajarakanahalli-kunte,214,,ams-nd44-9-1955,low,ams-nd44-9-1955
ams-nd44-9-1955-0357,1955,13.011122,77.805288,60574,nadvatti-lake,296,,ams-nd44-9-1955,low,ams-nd44-9-1955
ams-nd44-9-1955-0358,1955,13.009927,77.929704,601572,unnamed-tank-near-chokkandahalli,1758,,ams-nd44-9-1955,high,ams-nd44-9-1955
ams-nd44-9-1955-0359,1955,13.010177,77.74406,180993,belathuru-kunte,523,,ams-nd44-9-1955,high,ams-nd44-9-1955
