source,custodian,custodianName,slNo,lakeName,disused,wardNumbers,wardNames,wardMap,wardRaw,assemblyConstituency,assemblyConstituencyRaw,taluk,outsideBbmp
ktcda-lakes-2024,BBMP,Bruhat Bengaluru Mahanagara Palike,1,Ambalipura Kelagina kere,False,150,Bellandur,bbmp-2010-198,Ward No.150 Bellandur,Mahadevapura,Mahadevapura,,False
ktcda-lakes-2024,BBMP,Bruhat Bengaluru Mahanagara Palike,2,Gunjur Palya kere,False,149,Varthur,bbmp-2010-198,Ward no.149 Varthur,Mahadevapura,Mahadevapura,,False
ktcda-lakes-2024,BBMP,Bruhat Bengaluru Mahanagara Palike,3,Gunjuru Karmelaram lake,False,149,Varthur,bbmp-2010-198,Ward no.149 Varthur,Mahadevapura,Mahadevapura,,False
ktcda-lakes-2024,BBMP,Bruhat Bengaluru Mahanagara Palike,4,Panathur lake,False,149,Varthur,bbmp-2010-198,Ward no.149 Varthur,Mahadevapura,Mahadevapura,,False
ktcda-lakes-2024,BBMP,Bruhat Bengaluru Mahanagara Palike,5,Varanasi Lake,False,54,Hoodi,bbmp-2010-198,Ward no.54 Hoodi,Mahadevapura,Mahadevapura,,False
ktcda-lakes-2024,BBMP,Bruhat Bengaluru Mahanagara Palike,6,Amblipura melina kere,False,150,Bellandur,bbmp-2010-198,Ward No.150 Bellandur,Mahadevapura,Mahadevapura,,False
ktcda-lakes-2024,BBMP,Bruhat Bengaluru Mahanagara Palike,7,Kaigondanahalli Lake,False,150,Bellandur,bbmp-2010-198,Ward No.150 Bellandur,Mahadevapura,Mahadevapura,,False
ktcda-lakes-2024,BBMP,Bruhat Bengaluru Mahanagara Palike,8,Kasavanahalli lake,False,150,Bellandur,bbmp-2010-198,Ward No.150 Bellandur,Mahadevapura,Mahadevapura,,False
ktcda-lakes-2024,BBMP,Bruhat Bengaluru Mahanagara Palike,9,Haraluru kere,False,150,Bellandur,bbmp-2010-198,Ward No.150 Bellandur,Mahadevapura,Mahadevapura,,False
ktcda-lakes-2024,BBMP,Bruhat Bengaluru Mahanagara Palike,10,Sowl kere,False,150,Bellandur,bbmp-2010-198,Ward No.150 Bellandur,Mahadevapura,Mahadevapura,,False
ktcda-lakes-2024,BBMP,Bruhat Bengaluru Mahanagara Palike,11,Devarabeesanahalli Lake,False,150,Bellandur,bbmp-2010-198,Ward No.150 Bellandur,Mahadevapura,Mahadevapura,,False
ktcda-lakes-2024,BBMP,Bruhat Bengaluru Mahanagara Palike,12,Doddakanahalli kere,False,150,Bellandur,bbmp-2010-198,Ward No.150 Bellandur,Mahadevapura,Mahadevapura,,False
ktcda-lakes-2024,BBMP,Bruhat Bengaluru Mahanagara Palike,13,Munnekolalu kere,False,85,Doddenekundi,bbmp-2010-198,Ward No. 85 Doddenekundi,Mahadevapura,Mahadevapura,,False
ktcda-lakes-2024,BBMP,Bruhat Bengaluru Mahanagara Palike,14,Chinnappanahalli,False,85,Doddenekundi,bbmp-2010-198,Ward No. 85 Doddenekundi,Mahadevapura,Mahadevapura,,False
ktcda-lakes-2024,BBMP,Bruhat Bengaluru Mahanagara Palike,15,Shilavanthana kere,False,84,Hagadur,bbmp-2010-198,Ward no 84 Hagadur,Mahadevapura,Mahadevapura,,False
ktcda-lakes-2024,BBMP,Bruhat Bengaluru Mahanagara Palike,16,Kundalahalli Lake,False,85,Doddenekundi,bbmp-2010-198,Ward No. 85 Doddenekundi,Mahadevapura,Mahadevapura,,False
ktcda-lakes-2024,BBMP,Bruhat Bengaluru Mahanagara Palike,17,Siddapura Lake,False,84,Hagadur,bbmp-2010-198,Ward no 84 Hagadur,Mahadevapura,Mahadevapura,,False
ktcda-lakes-2024,BBMP,Bruhat Bengaluru Mahanagara Palike,18,Garudachar Palya Lake,False,82,GarudacharPalya,bbmp-2010-198,Ward No. 82 GarudacharPalya,Mahadevapura,Mahadevapura,,False
ktcda-lakes-2024,BBMP,Bruhat Bengaluru Mahanagara Palike,19,Garudachar Palya (Goshala) Lake,False,82,GarudacharPalya,bbmp-2010-198,Ward No. 82 GarudacharPalya,Mahadevapura,Mahadevapura,,False
ktcda-lakes-2024,BBMP,Bruhat Bengaluru Mahanagara Palike,20,Doddanekundi lake,False,85,Doddenekundi,bbmp-2010-198,Ward No. 85 Doddenekundi,Mahadevapura,Mahadevapura,,False
ktcda-lakes-2024,BBMP,Bruhat Bengaluru Mahanagara Palike,21,Sadaramangala Lake,False,54,Hoodi,bbmp-2010-198,Ward no - 54 Hoodi,Mahadevapura,Mahadevapura,,False
ktcda-lakes-2024,BBMP,Bruhat Bengaluru Mahanagara Palike,22,Bhoganahalli Lake,False,150,Bellandur,bbmp-2010-198,Ward No.150 Bellandur,Mahadevapura,Mahadevapura,,False
ktcda-lakes-2024,BBMP,Bruhat Bengaluru Mahanagara Palike,23,Hoodi Giddanakere Lake,False,82,GarudacharPalya,bbmp-2010-198,Ward No. 82 GarudacharPalya,Mahadevapura,Mahadevapura,,False
ktcda-lakes-2024,BBMP,Bruhat Bengaluru Mahanagara Palike,24,Panathur lake,False,149,Varthur,bbmp-2010-198,Ward no.149 Varthur,Mahadevapura,Mahadevapura,,False
ktcda-lakes-2024,BBMP,Bruhat Bengaluru Mahanagara Palike,25,Hoodi kere,False,54,Hoodi,bbmp-2010-198,Ward no.54 Hoodi,Mahadevapura,Mahadevapura,,False
ktcda-lakes-2024,BBMP,Bruhat Bengaluru Mahanagara Palike,26,Nalluralli tank,False,84,Hagadur,bbmp-2010-198,Ward no 84 Hagadur,Mahadevapura,Mahadevapura,,False
ktcda-lakes-2024,BBMP,Bruhat Bengaluru Mahanagara Palike,27,SitaramPalya lake,False,82,GarudacharPalya,bbmp-2010-198,Ward No. 82 GarudacharPalya,Mahadevapura,Mahadevapura,,False
ktcda-lakes-2024,BBMP,Bruhat Bengaluru Mahanagara Palike,28,Chikkabellandur Lake,False,149,Varthur,bbmp-2010-198,Ward no.149 Varthur,Mahadevapura,Mahadevapura,,False
ktcda-lakes-2024,BBMP,Bruhat Bengaluru Mahanagara Palike,29,Pattandur agrahara -54 Lake,False,83,Kadugodi,bbmp-2010-198,Ward No. 83 Kadugodi,Mahadevapura,Mahadevapura,,False
ktcda-lakes-2024,BBMP,Bruhat Bengaluru Mahanagara Palike,30,Pattandur agrahara lake-124,False,82,Garudachar Palya,bbmp-2010-198,Ward No. 82 Garudachar Palya,Mahadevapura,Mahadevapura,,False
ktcda-lakes-2024,BBMP,Bruhat Bengaluru Mahanagara Palike,31,Rampura kere,False,25,Horamavu,bbmp-2010-198,Ward no 25 Horamavu,Mahadevapura,Mahadevapura,,False
ktcda-lakes-2024,BBMP,Bruhat Bengaluru Mahanagara Palike,32,Gunjur mouji kere,False,149,Varthur,bbmp-2010-198,Ward no.149 Varthur,Mahadevapura,Mahadevapura,,False
ktcda-lakes-2024,BBMP,Bruhat Bengaluru Mahanagara Palike,33,Junnasandra lake,False,150,Bellandur,bbmp-2010-198,Ward No.150 Bellandur,Mahadevapura,Mahadevapura,,False
ktcda-lakes-2024,BBMP,Bruhat Bengaluru Mahanagara Palike,34,Chikkabasavanapura Lake,False,53,Basavanapura,bbmp-2010-198,Ward No.53 Basavanapura,K.R. Pura,KR Puram,,False
ktcda-lakes-2024,BBMP,Bruhat Bengaluru Mahanagara Palike,35,Mahadevapura Lake-1,False,81,Vignana nagara,bbmp-2010-198,Ward No. 81 Vignana nagara,K.R. Pura,KR Puram,,False
ktcda-lakes-2024,BBMP,Bruhat Bengaluru Mahanagara Palike,36,Sigehalli Lake,False,53,Basavanapura,bbmp-2010-198,Ward No.53 Basavanapura,K.R. Pura,KR Puram,,False
ktcda-lakes-2024,BBMP,Bruhat Bengaluru Mahanagara Palike,37,Devsandra kere,False,55,Devasandra,bbmp-2010-198,Ward No.55 Devasandra,K.R. Pura,KR Puram,,False
ktcda-lakes-2024,BBMP,Bruhat Bengaluru Mahanagara Palike,38,Challakere Lake,False,25,Horamavu,bbmp-2010-198,Ward no 25 Horamavu,K.R. Pura,KR Puram,,False
ktcda-lakes-2024,BBMP,Bruhat Bengaluru Mahanagara Palike,39,Kalkere Lake,False,26,Ramamurthy Nagara,bbmp-2010-198,Ward No.26 Ramamurthy Nagara,K.R. Pura,KR Puram,,False
ktcda-lakes-2024,BBMP,Bruhat Bengaluru Mahanagara Palike,40,Vibhuthipura kere,False,81,Vignana nagara,bbmp-2010-198,Ward No. 81 Vignana nagara,K.R. Pura,KR Puram,,False
ktcda-lakes-2024,BBMP,Bruhat Bengaluru Mahanagara Palike,41,K R Puram (BEML)/ Benniganahalli Lake,False,51,Vijanapura,bbmp-2010-198,Ward No.51 Vijanapura,K.R. Pura,KR Puram,,False
ktcda-lakes-2024,BBMP,Bruhat Bengaluru Mahanagara Palike,42,Hormavu Agara Lake,False,25,Horamavu,bbmp-2010-198,Ward no 25 Horamavu,K.R. Pura,KR Puram,,False
ktcda-lakes-2024,BBMP,Bruhat Bengaluru Mahanagara Palike,43,Nagareshwara-Nagenahalli Lake,False,25,Horamavu,bbmp-2010-198,Ward no 25 Horamavu,K.R. Pura,KR Puram,,False
ktcda-lakes-2024,BBMP,Bruhat Bengaluru Mahanagara Palike,44,Gangashetty Lake,False,52,K R Puram,bbmp-2010-198,Ward no 52 K R Puram,K.R. Pura,KR Puram,,False
ktcda-lakes-2024,BBMP,Bruhat Bengaluru Mahanagara Palike,45,Horamavu Lake,False,25,Horamavu,bbmp-2010-198,Ward no 25 Horamavu,K.R. Pura,KR Puram,,False
ktcda-lakes-2024,BBMP,Bruhat Bengaluru Mahanagara Palike,46,Vengaiahna kere /K.R.Puram Tank,False,52,K R Puram,bbmp-2010-198,Ward no 52 K R Puram,K.R. Pura,KR Puram,,False
ktcda-lakes-2024,BBMP,Bruhat Bengaluru Mahanagara Palike,47,Mahadevapura Lake-2,False,81,Vignana nagara,bbmp-2010-198,Ward No. 81 Vignana nagara,K.R. Pura,KR Puram,,False
ktcda-lakes-2024,BBMP,Bruhat Bengaluru Mahanagara Palike,48,B. Narayanapura Lake,False,56,A Narayanapura,bbmp-2010-198,Ward No. 56 A Narayanapura,K.R. Pura,KR Puram,,False
ktcda-lakes-2024,BBMP,Bruhat Bengaluru Mahanagara Palike,49,Bhattarahalli Lake,False,53,Basavanapura,bbmp-2010-198,Ward No.53 Basavanapura,K.R. Pura,KR Puram,,False
ktcda-lakes-2024,BBMP,Bruhat Bengaluru Mahanagara Palike,50,Kowdenahalli lake,False,26,Ramamurthy Nagara,bbmp-2010-198,Ward no 26 Ramamurthy Nagara,K.R. Pura,KR Puram,,False
ktcda-lakes-2024,BBMP,Bruhat Bengaluru Mahanagara Palike,51,Vijanapura Lake,False,51,Vijanapura,bbmp-2010-198,Ward No.51 Vijanapura,K.R. Pura,KR Puram,,False
ktcda-lakes-2024,BBMP,Bruhat Bengaluru Mahanagara Palike,52,Ulsoor / Bangalore North,False,90,Halasur,bbmp-2010-198,Halasur ward (90),Shivajinagar,162-Shivajinagar,,False
ktcda-lakes-2024,BBMP,Bruhat Bengaluru Mahanagara Palike,53,Kelagina Byrasandra,False,57,C V Raman Nagar,bbmp-2010-198,C.V.Raman Nagar(57),C.V. Raman Nagar,161-C.V.Raman Nagara,,False
ktcda-lakes-2024,BBMP,Bruhat Bengaluru Mahanagara Palike,54,Melina Byrasandra (DRDO),False,57,C V Raman Nagar,bbmp-2010-198,C.V.Raman Nagar(57),C.V. Raman Nagar,161-C.V.Raman Nagara,,False
ktcda-lakes-2024,BBMP,Bruhat Bengaluru Mahanagara Palike,55,Kaggadasapura,False,57,C V Raman Nagar,bbmp-2010-198,C.V.Raman Nagar(57),C.V. Raman Nagar,161-C.V.Raman Nagara,,False
ktcda-lakes-2024,BBMP,Bruhat Bengaluru Mahanagara Palike,56,Kacharakanahalli,False,29,Kacharakanahalli,bbmp-2010-198,Kacharakanahalli(29),Sarvagnanagar,160- Sarvagna Nagara,,False
ktcda-lakes-2024,BBMP,Bruhat Bengaluru Mahanagara Palike,57,Channasandra,False,,Channasandra,bbmp-2010-198,Channasandra,Sarvagnanagar,160- Sarvagna Nagara,,False
ktcda-lakes-2024,BBMP,Bruhat Bengaluru Mahanagara Palike,58,B. Channasandra,False,,B Channasandra,bbmp-2010-198,B. Channasandra,Sarvagnanagar,160- Sarvagna Nagara,,False
ktcda-lakes-2024,BBMP,Bruhat Bengaluru Mahanagara Palike,59,Ibblur Lake,False,174,HSR Layout,bbmp-2010-198,Ward No: 174 HSR Layout,Bommanahalli,Bommanahalli,,False
ktcda-lakes-2024,BBMP,Bruhat Bengaluru Mahanagara Palike,60,Venkojirao Kere / Agara Kere,False,174,HSR Layout,bbmp-2010-198,Ward No: 174 HSR Layout,Bommanahalli,Bommanahalli,,False
ktcda-lakes-2024,BBMP,Bruhat Bengaluru Mahanagara Palike,61,Sarakki Lake,False,186,Jaraganahalli,bbmp-2010-198,Ward No: 186 Jaraganahalli,Bommanahalli,Bommanahalli,,False
ktcda-lakes-2024,BBMP,Bruhat Bengaluru Mahanagara Palike,62,Puttenahalli Lake (Next to Brigade Millenium),False,187,Puttenahalli,bbmp-2010-198,Ward No 187: Puttenahalli,Bommanahalli,Bommanahalli,,False
ktcda-lakes-2024,BBMP,Bruhat Bengaluru Mahanagara Palike,63,Mangammana Palya Kere,False,190,Mangammanapalya,bbmp-2010-198,Ward No: 190 Mangammanapalya,Bommanahalli,Bommanahalli,,False
ktcda-lakes-2024,BBMP,Bruhat Bengaluru Mahanagara Palike,64,Haralakunte Lake (Somasandra Palya Kere),False,190,Mangammanapalya,bbmp-2010-198,Ward No: 190 Mangammanapalya,Bommanahalli,Bommanahalli,,False
ktcda-lakes-2024,BBMP,Bruhat Bengaluru Mahanagara Palike,65,Garveybhavipalya Lake,False,190,Mangammanapalya,bbmp-2010-198,Ward No: 190 Mangammanapalya,Bommanahalli,Bommanahalli,,False
ktcda-lakes-2024,BBMP,Bruhat Bengaluru Mahanagara Palike,66,Hulimavu Lake,False,193,Arekere,bbmp-2010-198,Ward No: 193 Arekere,Bommanahalli,Bommanahalli,,False
ktcda-lakes-2024,BBMP,Bruhat Bengaluru Mahanagara Palike,67,Arakere Lake,False,193,Arekere,bbmp-2010-198,Ward No: 193 Arekere,Bommanahalli,Bommanahalli,,False
ktcda-lakes-2024,BBMP,Bruhat Bengaluru Mahanagara Palike,68,Uttarahalli Lake / Bangalore South,False,184,Uttarahalli,bbmp-2010-198,Ward No: 184 Uttarahalli,Bangalore South,Bengaluru South,,False
ktcda-lakes-2024,BBMP,Bruhat Bengaluru Mahanagara Palike,69,Subramanyapura Lake,False,184,Uttarahalli,bbmp-2010-198,Ward No: 184 Uttarahalli,Bangalore South,Bengaluru South,,False
ktcda-lakes-2024,BBMP,Bruhat Bengaluru Mahanagara Palike,70,Gubbalalu Lake,False,184,Uttarahalli,bbmp-2010-198,Ward No: 184 Uttarahalli,Bangalore South,Bengaluru South,,False
ktcda-lakes-2024,BBMP,Bruhat Bengaluru Mahanagara Palike,71,Dorekere,False,184;197,Uttarahalli;Vassanthpura,bbmp-2010-198,"Ward No: 184 Uttarahalli, Ward No: 197 Vassanthpura",Bangalore South,Bengaluru South,,False
ktcda-lakes-2024,BBMP,Bruhat Bengaluru Mahanagara Palike,72,Annappanakere / Yelchenahalli Lake,False,185,Yalachenahalli,bbmp-2010-198,Ward No: 185 Yalachenahalli,Bangalore South,Bengaluru South,,False
ktcda-lakes-2024,BBMP,Bruhat Bengaluru Mahanagara Palike,73,Nyanappanahalli Lake / Akshayanagara Lake,False,193,Arekere,bbmp-2010-198,Ward No: 193 Arekere,Bangalore South,Bengaluru South,,False
ktcda-lakes-2024,BBMP,Bruhat Bengaluru Mahanagara Palike,74,Kalena Agrahara Lake,False,192,Begur,bbmp-2010-198,Ward No: 192 Begur,Bangalore South,Bengaluru South,,False
ktcda-lakes-2024,BBMP,Bruhat Bengaluru Mahanagara Palike,75,Begur Lake,False,192,Begur,bbmp-2010-198,Ward No: 192 Begur,Bangalore South,Bengaluru South,,False
ktcda-lakes-2024,BBMP,Bruhat Bengaluru Mahanagara Palike,76,Basapura Lake-1,False,192,Begur,bbmp-2010-198,Ward No: 192 Begur,Bangalore South,Bengaluru South,,False
ktcda-lakes-2024,BBMP,Bruhat Bengaluru Mahanagara Palike,77,Basapura Lake-2 / Bangalore South,False,192,Begur,bbmp-2010-198,Ward No: 192 Begur,Bangalore South,Bengaluru South,,False
ktcda-lakes-2024,BBMP,Bruhat Bengaluru Mahanagara Palike,78,Basavanapura Lake,False,192,Begur,bbmp-2010-198,Ward No: 192 Begur,Bangalore South,Bengaluru South,,False
ktcda-lakes-2024,BBMP,Bruhat Bengaluru Mahanagara Palike,79,Chikka Begur Lake,False,192,Begur,bbmp-2010-198,Ward No: 192 Begur,Bangalore South,Bengaluru South,,False
ktcda-lakes-2024,BBMP,Bruhat Bengaluru Mahanagara Palike,80,Kammanahalli Lake (Meenakshi Lake),False,192,Begur,bbmp-2010-198,Ward No: 192 Begur,Bangalore South,Bengaluru South,,False
ktcda-lakes-2024,BBMP,Bruhat Bengaluru Mahanagara Palike,81,Yelenahalli Lake,False,192,Begur,bbmp-2010-198,Ward No: 192 Begur,Bangalore South,Bengaluru South,,False
ktcda-lakes-2024,BBMP,Bruhat Bengaluru Mahanagara Palike,82,Beretena Agrahara (Chowdeshwari Lake),False,192,Begur,bbmp-2010-198,Ward No: 192 Begur,Bangalore South,Bengaluru South,,False
ktcda-lakes-2024,BBMP,Bruhat Bengaluru Mahanagara Palike,83,Subedarana Kere,False,192,Begur,bbmp-2010-198,Ward No: 192 Begur,Bangalore South,Bengaluru South,,False
ktcda-lakes-2024,BBMP,Bruhat Bengaluru Mahanagara Palike,84,Chikkammanahalli Lake,False,192,Begur,bbmp-2010-198,Ward No: 192 Begur,Bangalore South,Bengaluru South,,False
ktcda-lakes-2024,BBMP,Bruhat Bengaluru Mahanagara Palike,85,Swarnakunte Gudda Kere,False,192,Begur,bbmp-2010-198,Ward No: 192 Begur,Bangalore South,Bengaluru South,,False
ktcda-lakes-2024,BBMP,Bruhat Bengaluru Mahanagara Palike,86,Gottigere,False,194,Gottigere,bbmp-2010-198,Ward No: 194 Gottigere,Bangalore South,Bengaluru South,,False
ktcda-lakes-2024,BBMP,Bruhat Bengaluru Mahanagara Palike,87,Kothanuru Lake,False,194,Gottigere,bbmp-2010-198,Ward No: 194 Gottigere,Bangalore South,Bengaluru South,,False
ktcda-lakes-2024,BBMP,Bruhat Bengaluru Mahanagara Palike,88,Subbarayana Lake,False,194,Gottigere,bbmp-2010-198,Ward No: 194 Gottigere,Bangalore South,Bengaluru South,,False
ktcda-lakes-2024,BBMP,Bruhat Bengaluru Mahanagara Palike,89,Puttenahalli / Byraweshwara nagara Chunchaghatta Kere,False,195,Konanakunte,bbmp-2010-198,Ward No: 195 Konanakunte,Bangalore South,Bengaluru South,,False
ktcda-lakes-2024,BBMP,Bruhat Bengaluru Mahanagara Palike,90,Anjanapura Lake / Alahalli,False,196,Anjanapura,bbmp-2010-198,Ward No: 196 Anjanapura,Bangalore South,Bengaluru South,,False
ktcda-lakes-2024,BBMP,Bruhat Bengaluru Mahanagara Palike,91,Kembathahalli Lake,False,196,Anjanapura,bbmp-2010-198,Ward No: 196 Anjanapura,Bangalore South,Bengaluru South,,False
ktcda-lakes-2024,BBMP,Bruhat Bengaluru Mahanagara Palike,92,Vasanthapura Kere / Janardhana Kere,False,197,Vasanthapura,bbmp-2010-198,Ward No: 197 Vasanthapura,Bangalore South,Bengaluru South,,False
ktcda-lakes-2024,BBMP,Bruhat Bengaluru Mahanagara Palike,93,Devarakere,False,197,Vasanthapura,bbmp-2010-198,Ward No: 197 Vasanthapura,Bangalore South,Bengaluru South,,False
ktcda-lakes-2024,BBMP,Bruhat Bengaluru Mahanagara Palike,94,Doddakallasandra Lake,False,197,Vasanthapura,bbmp-2010-198,Ward No: 197 Vasanthapura,Bangalore South,Bengaluru South,,False
ktcda-lakes-2024,BBMP,Bruhat Bengaluru Mahanagara Palike,95,Konanakunte Lake,False,197,Vasanthapura,bbmp-2010-198,Ward No: 197 Vasanthapura,Bangalore South,Bengaluru South,,False
ktcda-lakes-2024,BBMP,Bruhat Bengaluru Mahanagara Palike,96,Kalyanikunte (Near Saibaba Temple),False,197,Vasanthapura,bbmp-2010-198,Ward No: 197 Vasanthapura,Bangalore South,Bengaluru South,,False
ktcda-lakes-2024,BBMP,Bruhat Bengaluru Mahanagara Palike,97,Kodige Singasandra Lake,False,191,Singasandra,bbmp-2010-198,Ward No: 191 Singasandra,Bangalore South,Bengaluru South,,False
ktcda-lakes-2024,BBMP,Bruhat Bengaluru Mahanagara Palike,98,Parappana Agrahara / Bangalore South,False,191,Singasandra,bbmp-2010-198,Ward No: 191 Singasandra,Bangalore South,Bengaluru South,,False
ktcda-lakes-2024,BBMP,Bruhat Bengaluru Mahanagara Palike,99,Singasandra Lake Bangalore South,False,191,Singasandra,bbmp-2010-198,Ward No: 191 Singasandra,Bangalore South,Bengaluru South,,False
ktcda-lakes-2024,BBMP,Bruhat Bengaluru Mahanagara Palike,100,Konappana Agrahara Lake,False,191,Singasandra,bbmp-2010-198,Ward No: 191 Singasandra,Bangalore South,Bengaluru South,,False
ktcda-lakes-2024,BBMP,Bruhat Bengaluru Mahanagara Palike,101,Kudlu Doddakere / Anekal Taluk and Bengaluru South Taluk,False,191,Singasandra,bbmp-2010-198,Ward No: 191 Singasandra,Anekal; Bangalore South,Anekal & Bengaluru South,,False
ktcda-lakes-2024,BBMP,Bruhat Bengaluru Mahanagara Palike,102,Kudlu Chikka Kere / Anekal Taluk,False,191,Singasandra,bbmp-2010-198,Ward No: 191 Singasandra,Anekal,Anekal,,False
ktcda-lakes-2024,BBMP,Bruhat Bengaluru Mahanagara Palike,103,Handrahalli kere Bangalore North North,False,40,Doddabedakallu,bbmp-2010-198,"Doddabedakallu,ward no.40",Yeshwanthpur,153-Yeshwanthpura,,False
ktcda-lakes-2024,BBMP,Bruhat Bengaluru Mahanagara Palike,104,Lingadeeranahalli (handrahalli) Lake Bangalore North,False,40,Doddabedakallu,bbmp-2010-198,"Doddabedakallu,ward no.40",Yeshwanthpur,153-Yeshwanthpura,,False
ktcda-lakes-2024,BBMP,Bruhat Bengaluru Mahanagara Palike,105,Herohalli Lake Bangalore North,False,72,Herohalli,bbmp-2010-198,Herohalli-72,Yeshwanthpur,153- Yashwanthpura,,False
ktcda-lakes-2024,BBMP,Bruhat Bengaluru Mahanagara Palike,106,Vishwaneedam Lake Bangalore North,False,72,Herohalli,bbmp-2010-198,Herohalli-72,Yeshwanthpur,153- Yashwanthpura,,False
ktcda-lakes-2024,BBMP,Bruhat Bengaluru Mahanagara Palike,107,Mallathahalli lake,False,130,Ullala,bbmp-2010-198,Ullala Ward No.130,Yeshwanthpur,153- Yashwanthpura,,False
ktcda-lakes-2024,BBMP,Bruhat Bengaluru Mahanagara Palike,108,Ullala lake,False,129;130,Gnana Bharathi;Ullala,bbmp-2010-198,Gnana Bharathi-129 & Ullala -130,Yeshwanthpur,153- Yashwanthpura,,False
ktcda-lakes-2024,BBMP,Bruhat Bengaluru Mahanagara Palike,109,Dubasipalya lake (Valagerehalli),False,129;130,Gnana Bharathi;Ullala,bbmp-2010-198,Gnana Bharathi-129 & Ullala -130,Yeshwanthpur,153- Yashwanthpura,,False
ktcda-lakes-2024,BBMP,Bruhat Bengaluru Mahanagara Palike,110,Chikkabasthi lake,False,,,,Panchayath Limit (Out of BBMP),Yeshwanthpur,153- Yashwanthpura,,True
ktcda-lakes-2024,BBMP,Bruhat Bengaluru Mahanagara Palike,111,Mangammanahalli lake,False,,,,Panchayath Limit (Out of BBMP),Yeshwanthpur,153- Yashwanthpura,,True
ktcda-lakes-2024,BBMP,Bruhat Bengaluru Mahanagara Palike,112,Kengeri Lake,False,198,Hemmigepura,bbmp-2010-198,"Hemmigepura, ward no-198",Yeshwanthpur,153-Yeshwanthpura,,False
ktcda-lakes-2024,BBMP,Bruhat Bengaluru Mahanagara Palike,113,Gandhinagar Hosakerehalli,False,130,Ullala,bbmp-2010-198,Ullala -130,Yeshwanthpur,153- Yashwanthpura,,False
ktcda-lakes-2024,BBMP,Bruhat Bengaluru Mahanagara Palike,114,H Gollahalli kere/ Bangalore South,False,198,Hemmigepura,bbmp-2010-198,"Hemmigepura,ward no-198",Yeshwanthpur,153-Yeshwanthpura,,False
ktcda-lakes-2024,BBMP,Bruhat Bengaluru Mahanagara Palike,115,Jogi kere / Bangalore South,False,198,Hemmigepura,bbmp-2010-198,"Hemmigepura,ward no-198",Yeshwanthpur,153-Yeshwanthpura,,False
ktcda-lakes-2024,BBMP,Bruhat Bengaluru Mahanagara Palike,116,Lingadeeranahalli,False,198,Hemmigepura,bbmp-2010-198,"Hemmigepura, ward no-198",Yeshwanthpur,153-Yeshwanthpura,,False
ktcda-lakes-2024,BBMP,Bruhat Bengaluru Mahanagara Palike,117,Varahasandra Lake,False,198,Hemmigepura,bbmp-2010-198,"Hemmigepura, ward no-198",Yeshwanthpur,153-Yeshwanthpura,,False
ktcda-lakes-2024,BBMP,Bruhat Bengaluru Mahanagara Palike,118,Konasandra Lake,False,198,Hemmigepura,bbmp-2010-198,"Hemmigepura, ward no-198",Yeshwanthpur,153-Yeshwanthpura,,False
ktcda-lakes-2024,BBMP,Bruhat Bengaluru Mahanagara Palike,119,Sompura Lake,False,198,Hemmigepura,bbmp-2010-198,"Hemmigepura, ward no-198",Yeshwanthpur,153-Yeshwanthpura,,False
ktcda-lakes-2024,BBMP,Bruhat Bengaluru Mahanagara Palike,120,Gattigerepalya (Sompura) lake,False,198,Hemmigepura,bbmp-2010-198,"Hemmigepura, ward no-198",Yeshwanthpur,153-Yeshwanthpura,,False
ktcda-lakes-2024,BBMP,Bruhat Bengaluru Mahanagara Palike,121,Talghatapura Lake,False,198,Hemmigepura,bbmp-2010-198,"Hemmigepura, ward no-198",Yeshwanthpur,153-Yeshwanthpura,,False
ktcda-lakes-2024,BBMP,Bruhat Bengaluru Mahanagara Palike,122,Chikkagowdanapalya lake,False,198,Hemmigepura,bbmp-2010-198,"Hemmigepura, ward no-198",Yeshwanthpur,153-Yeshwanthpura,,False
ktcda-lakes-2024,BBMP,Bruhat Bengaluru Mahanagara Palike,123,Mylasandra (Sunnakallu palya) lake,False,198,Hemmigepura,bbmp-2010-198,"Hemmigepura, ward no-198",Yeshwanthpur,153-Yeshwanthpura,,False
ktcda-lakes-2024,BBMP,Bruhat Bengaluru Mahanagara Palike,124,Busegowdana lake,False,198,Hemmigepura,bbmp-2010-198,"Hemmigepura, ward no-198",Yeshwanthpur,153-Yeshwanthpura,,False
ktcda-lakes-2024,BBMP,Bruhat Bengaluru Mahanagara Palike,125,Bayyapanapalya Kunte/ Bangalore South,False,198,Hemmigepura,bbmp-2010-198,"Hemmigepura, ward no-198",Yeshwanthpur,153-Yeshwanthpura,,False
ktcda-lakes-2024,BBMP,Bruhat Bengaluru Mahanagara Palike,126,Kodigehalli lake / Bangalore North,False,,,,Panchayath Limit (Out of BBMP),Yeshwanthpur,153- Yashwanthpura,,True
ktcda-lakes-2024,BBMP,Bruhat Bengaluru Mahanagara Palike,127,Kenchanpura lake,False,,,,Panchayath Limit (Out of BBMP),Yeshwanthpur,153- Yashwanthpura,,True
ktcda-lakes-2024,BBMP,Bruhat Bengaluru Mahanagara Palike,128,Kanna halli lake,False,,,,Panchayath Limit (Out of BBMP),Yeshwanthpur,153-Yeshwanthpura,,True
ktcda-lakes-2024,BBMP,Bruhat Bengaluru Mahanagara Palike,129,Soolikere,False,,,,Panchayath Limit (Out of BBMP),Yeshwanthpur,153- Yashwanthpura,,True
ktcda-lakes-2024,BBMP,Bruhat Bengaluru Mahanagara Palike,130,Bhimana kuppe,False,,,,Panchayath Limit (Out of BBMP),Yeshwanthpur,153- Yashwanthpura,,True
ktcda-lakes-2024,BBMP,Bruhat Bengaluru Mahanagara Palike,131,J.P Park / Bangalore North,False,17,J P park,bbmp-2010-198,J.P park ward no 17,Rajarajeshwarinagar,"RajaRajeshwari Nagar,ward no 154",,False
ktcda-lakes-2024,BBMP,Bruhat Bengaluru Mahanagara Palike,132,Srigandadkaval,False,160,RajaRajeshwari Nagar,bbmp-2010-198,"RajaRajeshwari Nagar,ward no 160",Rajarajeshwarinagar,154 Rajarajeshwarinagara,,False
ktcda-lakes-2024,BBMP,Bruhat Bengaluru Mahanagara Palike,133,Nagarabhavi Lake,False,,,,,Rajarajeshwarinagar,154 Rajarajeshwarinagara,,False
ktcda-lakes-2024,BBMP,Bruhat Bengaluru Mahanagara Palike,134,Bheemana Katte,False,160,RajaRajeshwari Nagar,bbmp-2010-198,"RajaRajeshwari Nagar,ward no 160",Rajarajeshwarinagar,154 Rajarajeshwarinagara,,False
ktcda-lakes-2024,BBMP,Bruhat Bengaluru Mahanagara Palike,135,Pattangere/Kenchenahalli lake,False,160,RajaRajeshwari Nagar,bbmp-2010-198,"RajaRajeshwari Nagar,ward no 160",Rajarajeshwarinagar,154 Rajarajeshwarinagara,,False
ktcda-lakes-2024,BBMP,Bruhat Bengaluru Mahanagara Palike,136,Halage vaderahalli Lake,False,160,RajaRajeshwari Nagar,bbmp-2010-198,"RajaRajeshwari Nagar,ward no 160",Rajarajeshwarinagar,154 Rajarajeshwarinagara,,False
ktcda-lakes-2024,BBMP,Bruhat Bengaluru Mahanagara Palike,137,Hoskerehalli Lake,False,160,RajaRajeshwari Nagar,bbmp-2010-198,"RajaRajeshwari Nagar,ward no 160",Rajarajeshwarinagar,154 Rajarajeshwarinagara,,False
ktcda-lakes-2024,BBMP,Bruhat Bengaluru Mahanagara Palike,138,Chikka Bettahalli Lake,False,3,Attur,bbmp-2010-198,3. Attur,Yelahanka,Yalahanka,,False
ktcda-lakes-2024,BBMP,Bruhat Bengaluru Mahanagara Palike,139,Veerasagara lake,False,3,Attur,bbmp-2010-198,3. Attur,Yelahanka,Yalahanka,,False
ktcda-lakes-2024,BBMP,Bruhat Bengaluru Mahanagara Palike,140,Harohalli lake,False,2,Chowdeshwari,bbmp-2010-198,2. Chowdeshwari,Yelahanka,Yalahanka,,False
ktcda-lakes-2024,BBMP,Bruhat Bengaluru Mahanagara Palike,141,Yelahanka Amani kere,False,1,Kempegowda,bbmp-2010-198,1. Kempegowda,Yelahanka,Yalahanka,,False
ktcda-lakes-2024,BBMP,Bruhat Bengaluru Mahanagara Palike,142,Attur lake,False,3,Attur,bbmp-2010-198,3. Attur,Yelahanka,Yalahanka,,False
ktcda-lakes-2024,BBMP,Bruhat Bengaluru Mahanagara Palike,143,Allalasandra lake,False,4,Yalahanaka Satellite Town,bbmp-2010-198,4. Yalahanaka Satellite Town,Yelahanka,Yalahanka,,False
ktcda-lakes-2024,BBMP,Bruhat Bengaluru Mahanagara Palike,144,Srinivasapura Lake,False,1,Kempegowda,bbmp-2010-198,1. Kempegowda,Yelahanka,Yalahanka,,False
ktcda-lakes-2024,BBMP,Bruhat Bengaluru Mahanagara Palike,145,Shivanahalli Lake,False,4,Yalahanaka Satellite Town,bbmp-2010-198,4. Yalahanaka Satellite Town,Yelahanka,Yalahanka,,False
ktcda-lakes-2024,BBMP,Bruhat Bengaluru Mahanagara Palike,146,Rachenahalli Lake,False,5,jakkur,bbmp-2010-198,5. jakkur,Byatarayanapura,Byatarayanapura,,False
ktcda-lakes-2024,BBMP,Bruhat Bengaluru Mahanagara Palike,147,Amruthahalli Lake,False,7,Byatarayanpura,bbmp-2010-198,7. Byatarayanpura,Byatarayanapura,Byatarayanapura,,False
ktcda-lakes-2024,BBMP,Bruhat Bengaluru Mahanagara Palike,148,Doddabommasandra Lake,False,10,Doddabommasandra,bbmp-2010-198,10. Doddabommasandra,Byatarayanapura,Byatarayanapura,,False
ktcda-lakes-2024,BBMP,Bruhat Bengaluru Mahanagara Palike,149,Singapura Lake,False,11,Kuvempu Nagar,bbmp-2010-198,11. Kuvempu Nagar,Byatarayanapura,Byatarayanapura,,False
ktcda-lakes-2024,BBMP,Bruhat Bengaluru Mahanagara Palike,150,Narasipura Lake 20,False,9,Vidyaranyapura,bbmp-2010-198,9. Vidyaranyapura,Byatarayanapura,Byatarayanapura,,False
ktcda-lakes-2024,BBMP,Bruhat Bengaluru Mahanagara Palike,151,Narasipura Lake 26,False,9,Vidyaranyapura,bbmp-2010-198,9. Vidyaranyapura,Byatarayanapura,Byatarayanapura,,False
ktcda-lakes-2024,BBMP,Bruhat Bengaluru Mahanagara Palike,152,Kogilu Lake,False,5,jakkur,bbmp-2010-198,5. jakkur,Byatarayanapura,Byatarayanapura,,False
ktcda-lakes-2024,BBMP,Bruhat Bengaluru Mahanagara Palike,153,Palanahalli Lake,False,5,jakkur,bbmp-2010-198,5. jakkur,Byatarayanapura,Byatarayanapura,,False
ktcda-lakes-2024,BBMP,Bruhat Bengaluru Mahanagara Palike,154,Kattigenahalli Lake,False,5,jakkur,bbmp-2010-198,5. jakkur,Byatarayanapura,Byatarayanapura,,False
ktcda-lakes-2024,BBMP,Bruhat Bengaluru Mahanagara Palike,155,Jakkur Lake,False,5,jakkur,bbmp-2010-198,5. jakkur,Byatarayanapura,Byatarayanapura,,False
ktcda-lakes-2024,BBMP,Bruhat Bengaluru Mahanagara Palike,156,Agrahara Lake,False,5,jakkur,bbmp-2010-198,5. jakkur,Byatarayanapura,Byatarayanapura,,False
ktcda-lakes-2024,BBMP,Bruhat Bengaluru Mahanagara Palike,157,Thirumenahalli Lake,False,5,jakkur,bbmp-2010-198,5. jakkur,Byatarayanapura,Byatarayanapura,,False
ktcda-lakes-2024,BBMP,Bruhat Bengaluru Mahanagara Palike,158,Chokkanahalli Lake,False,5,jakkur,bbmp-2010-198,5. jakkur,Byatarayanapura,Byatarayanapura,,False
ktcda-lakes-2024,BBMP,Bruhat Bengaluru Mahanagara Palike,159,Venkateshapura Lake,False,5,jakkur,bbmp-2010-198,5. jakkur,Byatarayanapura,Byatarayanapura,,False
ktcda-lakes-2024,BBMP,Bruhat Bengaluru Mahanagara Palike,160,Kempambudhi Lake,False,,Hanumanthanagar,bbmp-2010-198,Hanumanthanagar,Basavanagudi,Basavanagudi,,False
ktcda-lakes-2024,BBMP,Bruhat Bengaluru Mahanagara Palike,161,Yediyur Lake,False,,Yediyur,bbmp-2010-198,Yediyur,Padmanabhanagar,Padmanabanagar,,False
ktcda-lakes-2024,BBMP,Bruhat Bengaluru Mahanagara Palike,162,Deepanjali Nagara lake,False,,Attiguppe,bbmp-2010-198,Attiguppe,Vijayanagar,Vijayanagara,,False
ktcda-lakes-2024,BBMP,Bruhat Bengaluru Mahanagara Palike,163,Gowdanapalya Lake,False,,Padmanabanagar,bbmp-2010-198,Padmanabanagar,Padmanabhanagar,Padmanabanagar,,False
ktcda-lakes-2024,BBMP,Bruhat Bengaluru Mahanagara Palike,164,Byrasandra,False,,Byrasandra,bbmp-2010-198,Byrasandra,Chickpet,Chikkapete,,False
ktcda-lakes-2024,BBMP,Bruhat Bengaluru Mahanagara Palike,165,Mestripalya Lake,False,,Koramangala,bbmp-2010-198,Koramangala,B.T.M. Layout,BTM Layout,,False
ktcda-lakes-2024,BBMP,Bruhat Bengaluru Mahanagara Palike,166,Dasarahalli (Chokkasandra) Lake,False,39,Chokkasandra,bbmp-2010-198,Chokkasandra-39,Dasarahalli,Dasarahalli,,False
ktcda-lakes-2024,BBMP,Bruhat Bengaluru Mahanagara Palike,167,Nelagedaranahalli Lake,False,41,Peenya Industrial Area,bbmp-2010-198,Peenya Industrial Area-41,Dasarahalli,Dasarahalli,,False
ktcda-lakes-2024,BBMP,Bruhat Bengaluru Mahanagara Palike,168,Shivapura Lake,False,41,Peenya Industrial Area,bbmp-2010-198,Peenya Industrial Area-41,Dasarahalli,Dasarahalli,,False
ktcda-lakes-2024,BBMP,Bruhat Bengaluru Mahanagara Palike,169,Bagalagunte Lake,False,14,Bagalagunte,bbmp-2010-198,Bagalagunte-14,Dasarahalli,Dasarahalli,,False
ktcda-lakes-2024,BBMP,Bruhat Bengaluru Mahanagara Palike,170,Kammagondanahalli Lake,False,12,Shettihalli,bbmp-2010-198,Shettihalli-12,Dasarahalli,Dasarahalli,,False
ktcda-lakes-2024,BBMP,Bruhat Bengaluru Mahanagara Palike,171,Mallasandra gudde Lake,False,13,Mallasandra,bbmp-2010-198,Mallasandra-13,Dasarahalli,Dasarahalli,,False
ktcda-lakes-2024,BBMP,Bruhat Bengaluru Mahanagara Palike,172,Abbigere Lake,False,12,Shettihalli,bbmp-2010-198,Shettihalli-12,Dasarahalli,Dasarahalli,,False
ktcda-lakes-2024,BBMP,Bruhat Bengaluru Mahanagara Palike,173,Lakshmipura Lake,False,12,Shettihalli,bbmp-2010-198,Shettihalli-12,Dasarahalli,Dasarahalli,,False
ktcda-lakes-2024,BBMP,Bruhat Bengaluru Mahanagara Palike,174,Doddabidarakallu (Nagasandra) Lake,False,40,Doddabidarakallu,bbmp-2010-198,Doddabidarakallu-40,Yeshwanthpur,Yeshwanthapur,,False
ktcda-lakes-2024,BBMP,Bruhat Bengaluru Mahanagara Palike,175,Karihobanahalli (Narasappanakere) Lake,False,41,Peenya Industrial Area,bbmp-2010-198,Peenya Industrial Area-41,Yeshwanthpur,Yeshwanthapur,,False
ktcda-lakes-2024,BBMP,Bruhat Bengaluru Mahanagara Palike,176,Sankey Lake,False,35,Aramanenagara,bbmp-2010-198,Aramanenagara-35,Malleshwaram,Malleshwaram,,False
ktcda-lakes-2024,BBMP,Bruhat Bengaluru Mahanagara Palike,177,Nayandanahalli Lake,False,131,Nayandanahalli,bbmp-2010-198,Nayandanahalli-131,Govindrajnagar,Govindarajanagara,,False
ktcda-lakes-2024,BBMP,Bruhat Bengaluru Mahanagara Palike,178,Malagala,False,103,Kaveripura,bbmp-2010-198,Kaveripura-103,Govindrajnagar,Govindarajanagara,,False
ktcda-lakes-2024,BBMP,Bruhat Bengaluru Mahanagara Palike,179,Vijanapura kere,False,51,Vijanapura,bbmp-2010-198,Ward No.51 Vijanapura,K.R. Pura,KR Puram,,False
ktcda-lakes-2024,BBMP,Bruhat Bengaluru Mahanagara Palike,180,Byatagunte Playa,False,28,Kammanahalli,bbmp-2010-198,Kammanahalli(28),Sarvagnanagar,160- Sarvagna Nagara,,False
ktcda-lakes-2024,BBMP,Bruhat Bengaluru Mahanagara Palike,181,Lingarajapura Lake,False,28,Kammanahalli,bbmp-2010-198,Kammanahalli(28),Sarvagnanagar,160- Sarvagna Nagara,,False
ktcda-lakes-2024,BBMP,Bruhat Bengaluru Mahanagara Palike,182,Geddalahalli,False,18,Radhakrishna temple,bbmp-2010-198,Radhakrishna temple(18),Sarvagnanagar,160- Sarvagna Nagara,,False
ktcda-lakes-2024,BBMP,Bruhat Bengaluru Mahanagara Palike,183,Konena Agrahara,False,113,Konena Agrahara,bbmp-2010-198,Konena Agrahara(113),C.V. Raman Nagar,161-C.V.Raman Nagar,,False
ktcda-lakes-2024,BBMP,Bruhat Bengaluru Mahanagara Palike,184,Bilaekahalli (Lingannana Kere),True,188,Bilekahalli,bbmp-2010-198,Ward No: 188 Bilekahalli,Bommanahalli,Bommanahalli,,False
ktcda-lakes-2024,BBMP,Bruhat Bengaluru Mahanagara Palike,185,Dorasanni Palya,True,188,Bilekahalli,bbmp-2010-198,Ward No: 188 Bilekahalli,Bommanahalli,Bommanahalli,,False
ktcda-lakes-2024,BBMP,Bruhat Bengaluru Mahanagara Palike,186,Ittmadu,False,,chikkalasandra,bbmp-2010-198,chikkalasandra,Padmanabhanagar,Padmanabanagar,,False
ktcda-lakes-2024,BBMP,Bruhat Bengaluru Mahanagara Palike,187,Chikkakalasandra Lake,False,,chikkalasandra,bbmp-2010-198,chikkalasandra,Padmanabhanagar,Padmanabanagar,,False
ktcda-lakes-2024,BBMP,Bruhat Bengaluru Mahanagara Palike,188,Thavarekare,False,,Koramangala,bbmp-2010-198,Koramangala,Padmanabhanagar,Padmanabanagar,,False
ktcda-lakes-2024,BBMP,Bruhat Bengaluru Mahanagara Palike,189,Karisandra lake,False,,Padmanabanagar,bbmp-2010-198,Padmanabanagar,Padmanabhanagar,Padmanabanagar,,False
ktcda-lakes-2024,BBMP,Bruhat Bengaluru Mahanagara Palike,190,Nandi shettappa lake,False,,Padmanabanagar,bbmp-2010-198,Padmanabanagar,Padmanabhanagar,Padmanabanagar,,False
ktcda-lakes-2024,BBMP,Bruhat Bengaluru Mahanagara Palike,191,Arehalli 2 & 3 (Small tanks),True,184,Uttarahalli,bbmp-2010-198,Ward No: 184 Uttarahalli,Bangalore South,Bengaluru South,,False
ktcda-lakes-2024,BBMP,Bruhat Bengaluru Mahanagara Palike,192,Bovimaranahalli,False,160,RajaRajeshwari Nagar,bbmp-2010-198,"RajaRajeshwari Nagar,ward no 160",Rajarajeshwarinagar,154 Rajarajeshwarinagara,,False
ktcda-lakes-2024,BBMP,Bruhat Bengaluru Mahanagara Palike,193,Gundopanth lake,False,160,RajaRajeshwari Nagar,bbmp-2010-198,"RajaRajeshwari Nagar,ward no 160",Rajarajeshwarinagar,154 Rajarajeshwarinagara,,False
ktcda-lakes-2024,BBMP,Bruhat Bengaluru Mahanagara Palike,194,Kamakshipalya Lake,False,101,Kamakshipalya,bbmp-2010-198,Kamakshipalya-101,Govindrajnagar,Govindarajanagara,,False
ktcda-lakes-2024,BBMP,Bruhat Bengaluru Mahanagara Palike,195,Sanegoravanahalli Lake,False,101,Kamakshipalya,bbmp-2010-198,Kamakshipalya-101,Govindrajnagar,Govindarajanagara,,False
ktcda-lakes-2024,BBMP,Bruhat Bengaluru Mahanagara Palike,196,Agraharadasarahalli Lake,False,105,Agrahara Dasarahalli,bbmp-2010-198,Agrahara Dasarahalli-105,Govindrajnagar,Govindarajanagara,,False
ktcda-lakes-2024,BBMP,Bruhat Bengaluru Mahanagara Palike,197,Gangondanahalli Lake,False,128,Nagarabhavi,bbmp-2010-198,Nagarabhavi-128,Govindrajnagar,Govindarajanagara,,False
ktcda-lakes-2024,BBMP,Bruhat Bengaluru Mahanagara Palike,198,Ramagondahalli,False,,,,Out of BBMP,,Bangalore North additional,Bangalore North (Additional),True
ktcda-lakes-2024,BBMP,Bruhat Bengaluru Mahanagara Palike,199,Avalahalli,False,,,,Out of BBMP,,Bangalore North Additional,Bangalore North (Additional),True
ktcda-lakes-2024,BBMP,Bruhat Bengaluru Mahanagara Palike,200,Vaderahalli,False,,,,Out of BBMP,,Bangalore North Additional,Bangalore North (Additional),True
ktcda-lakes-2024,BBMP,Bruhat Bengaluru Mahanagara Palike,201,Medi agrahara,False,,,,Out of BBMP,,Bangalore North Additional,Bangalore North (Additional),True
ktcda-lakes-2024,BDA,Bangalore Development Authority,1,Bellanduru Lake,False,,,,,,,Bengaluru East & South,False
ktcda-lakes-2024,BDA,Bangalore Development Authority,2,Varthur Lake,False,,,,,,,Bengaluru East,False
ktcda-lakes-2024,BDA,Bangalore Development Authority,3,Ramasandra Lake,False,,,,,,,Bengaluru South & North,False
ktcda-lakes-2024,BDA,Bangalore Development Authority,4,Kommaghatta Lake,False,,,,,,,Bengaluru South,False
ktcda-lakes-2024,BDA,Bangalore Development Authority,5,Chikkabanavara lake,False,,,,,,,Bengaluru North,False
ktcda-lakes-2024,KFD,Karnataka Forest Department,1,Madivala Lake,False,,,,,,,Bengaluru East & South,False
ktcda-lakes-2024,KFD,Karnataka Forest Department,2,Puttenahalli Lake,False,,,,,,,Bengaluru North,False
ktcda-lakes-2024,KFD,Karnataka Forest Department,3,Hebbala Lake,False,,,,,,,Bengaluru North,False
ktcda-lakes-2024,KFD,Karnataka Forest Department,4,Nagavara Lake,False,,,,,,,Bengaluru North,False
ktcda-lakes-2024,BMRCL,Bangalore Metro Rail Corporation Limited,1,Veerasandra Lake,False,,,,,,,Anekal,False
