rauId,annexure,list,status,serial,tankNo,name,zone,taluk,areaHa,condition,landUse,recommendation,agency,page,source
a2-1,2,city,disused,1,357,Shivanahally Tank (Near Yelahanka),Between Bellary Road and Madras Road,,10.00,The tank is located towards east of Yelahanka Tiles & Bricks Factory. The bund is breached to provide a railway bridge. No water is stored in the tank,Partly Fark and open spaces partly trangportation i.e Railway line and Bye-pass Road,To develop tree pars in the tank bed,Forest Department,39,rau-1986
a2-2,2,city,disused,2,345,Kalagondanahally Tank,Between Bellary Road and Madras Road,,10.9,The bund is breached. The tank bed is allotted to Dr. Ambedkar Medical Coliege by the Government,Public & semi public use i.e.Medical College,"Since already disposed, No comments",,39,rau-1986
a2-3,2,city,disused,3,293(a),Eyappanahally Tank,Between Bellary Road and Madras Road,,3.25,The Tank is snrrounded by approved scheme of B.D.A,Prrk and open spaces,Tank bed should be utilised for tree park,Forest De partgent,40,rau-1986
a2-4,2,city,disused,4,292,Tank towards xorth of Eyappanahally,Between Bellary Road and Madras Road,,,The area is surrounded by B.D.A.Scheme,Park & Open spaces,To develop tree park,Forest Department,40,rau-1986
a2-5,2,city,disused,5,342,Lingarajapura Tank,Between Bellary Road and Madras Road,,5.48,Unauthorised developments are existing on the fore-shore area& also in the Atcheut area. The bund is in good condition. The tank is sufficiently deep,Partly park & open spa- CeS: Fertly residentialin,"Water body can be preserved with foreshore ine, piente RE",Forest Denartment,40,rau-1986
a2-6,2,city,disused,6,339,Lyatagutte yalya tank,Between Bellary Road and Madras Road,,1.98,The tank is located in the BDA scheme area and is very small,It is/deve~ Loped area,To be developed as tree park,Forest Depart ment Forest,40,rau-1986
a2-7,2,city,disused,7,340,"ce, Channasandra tank",Between Bellary Road and Madras Road,,15.42,"nc ce This breached tank is surrounded by BDA: scheme. BDA has deve- Loped peripherial area, left middle portion as open",cee: See Partly park & open space. Partly transportation i.e 200! Road,Se: ae Tank bed has to be preserved for tree park,Department,40,rau-1986
a2-8,2,city,disused,8,305,Channasandra Tank,Between Bellary Road and Madras Road,,7.48,The tank is surrounded by BDA scheme. It has small catchment area,Partly park & open spaces. partly transporta—,To develop Forest tree park Departin the tank ment bed,,41,rau-1986
a2-9,2,city,disused,9,322,Hudi Tank,Between Madras Road and Hosur Road,,5.32,fank is located north of the village. The bund is breached,Partly Park & open spaces. Partly transportation,To develop Forest tree park in Departthe tank bed. ment,,41,rau-1986
a2-10,2,city,disused,10,322,Giddanakere Hud i,Between Madras Road and Hosur Road,,9.84,The tank is located to the south of Whitefield Road. The atchkat between Whitefield Road and the tank is partly developed for industrial use,Partly park & open spaces.Partly industrial,To develop Forest tree park Departin the menttank bed,,41,rau-1986
a2-11,2,city,disused,11,328,Vijinepurea tank,Between Madras Road and Hosur Road,,,The tank is located by the side of the conpound of IPI factory. The bund is in good condition. But residential developments have come up in Atchkat area & also northern shore area,Park and open spaces,To maintain Forest water sheet Departin the tank ment. & to duvelopplantation along the shore,,41,rau-1986
a2-12,2,city,disused,12,308,K.R.Puram tank,Between Madras Road and Hosur Road,,9.03,"This tank is located south of shandy maidan, Buiddings have come up in the atchenut area",Partly park & open spaces partly residential,To develop = tree park in the tank bed,Forest Department,42,rau-1986
a2-13,2,city,disused,13,299,Konena Agrahnara tank,Between Madras Road and Hosur Road,,6.48,The tank is located towards south of Airport road. The tank is brea ched. Developments have come up in HAL §.5.Pura,Residential,To developtree park in the remaining part of the tank bed,Forest Department,42,rau-1986
a2-14,2,city,disused,14,297,Kodihally tank,Between Madras Road and Hosur Road,,8.05,The tank is located towards north of HAL road end is adjoining HAL IT stage Layout,Partly park and open spaces partly residential,AlLLotted to Space Dept,,42,rau-1986
a2-15,2,city,disused,15,295,Binnamangaha tank,Between Madras Road and Hosur Road,,9.63,The tank is surrounded ty HAL II stage Layout The tank area ié deve- Lloped by B.D.A,Park and. open Spaces,Tree park to be developed,Forest Dept,42,rau-1986
a2-16,2,city,disused,16,298,Chellaghatte Tank,Between Madras Road and Hosur Road,,49.66,The tank is located towards south of HAL road & towards east of Domlur Layout. The bund is breached. The tank is being developed as a Golf Course,Park and open Spaces,The committee has no comments as it is being developed as a Golf Course,,42,rau-1986
a2-17,2,city,disused,17,288,Srinivagilu tank,Between Madras Road and Hosur Road,,21.95,The tank is atutting Koramangala extension The BDA is trying to form sites in the tank bed. The tank is breached,Pek and open spaces,BDA should stop formation of sites Govt. have already direeted BDA. To develop tree park in the tank,Forest Dept,43,rau-1986
a2-18,2,city,disused,18,279,Meistrypalya tank Jakkasandra,Between Madras Road and Hosur Road,,4.53,The tank is breached and is located adjoining Koramangala layout,BDA has formed layout in a major portion,To develop tree park in the remaining portion,Forest Dept,43,rau-1986
a2-19,2,city,disused,19,271,Neinappane Satty Palya Tank,Between Hosur Road and Mysore Road,,0.84,The tank is located towards north-west of the village. The tank is breached and unauthorised deve- Lopments have come up,Part of Layout,Since BDA has got a scheme & the tank is very small the committee concurrs with BDA proposails,,43,rau-1986
a2-20,2,city,disused,20,271,Tank southwest of Nainappana Setty palya,Between Hosur Road and Mysore Road,,2.5,The tank is located towards South-west of village. The pund is in good condition. Some industrial development is coming up in the atchkat area. The tank is small. 3T,Major Road & resident-— ial. Another emall tank is reserved as park,To develop tree park in the small tank,Forest Dept,43,rau-1986
a2-21,2,city,disused,21,297,Thavarekere tank,Between Hosur Road and Mysore Road,,7.10,The tank bund is breached. The atcheut ia developed for residential purpose. The tank is located behind Kempson industries towards east,Park and open spaces,To develop tree park in the beck tank bed,Forest Dept,44,rau-1986
a2-22,2,city,disused,22,276,pyresandrs 10-00,Between Hosur Road and Mysore Road,,,ane tank is located towards west of Bannerghatta road & towards north of 2. Block Jayanager. The atchkat is developed with houses. The BCC has put up barbed wire fencing. The tank bund is in good condition,Partly public & semi-public partly residential,The Committee decided to maintain water sueet & a park around. Forest Dapt.may examine the feasibility of developing the foreshore as a tree park,Forest Dept,44,rau-1986
a2-23,2,city,disused,23,270,Sarakki Tank,Between Hosur Road and Mysore Road,,0.5,The tank is very small and is located in Sarakki Layout,"Developed area,No part of Sarakki scheme",proposal by the Committee,,44,rau-1986
a2-24,2,city,disused,24,714,Wandi Settapra tank,Between Hosur Road and Mysore Road,,1.94,The tank is located at the foot of Shavige Malleswara hillock near the Dayananla Engineering College,Park and open spaces,To develop tree park in the tank bed,Forest Dept,44,rau-1986
a2-25,2,city,disused,25,704,Kerisanira tank,Between Hosur Road and Mysore Road,,0.6,The tank is surrounded by BDA dewelopments,Partly public & Gemi-public and partly park and open spaces,Remaining area to be developed as tree park,Forest Dept,44,rau-1986
a2-26,2,city,disused,26,713,Kadirenahalli Tank,Between Hosur Road and Mysore Road,,3.87,The tank is located in Beneshankari II stage scheme. Govt. has alloted the tank bed to Tooperative Training College,Public & semnipublic,Since already disposed the Committee has no comments,,45,rau-1986
a2-27,2,city,disused,27,705,Kathrin guppe tank,Between Hosur Road and Mysore Road,,2.4,The tank is located in BDA scheme area. Road have been developed alreand the tank,Park and open spaces,Committee recommends to develcp. Park exclusively,B.D.A & Forest Dept,45,rau-1986
a2-28,2,city,disused,28,702,Yadiyur * tank,Between Hosur Road and Mysore Road,,6.45,"It is located along Kanapura Road towards north of Yediyur village. Water sheet and a perk have already been developed, There is a garden land towards north-east of the tank bed. This is more suitablex for extension of park. The Tourist Dept. i¢ developing the tank area",Watersheet retained/ park & open spaces,To acquire more area and to develop water sheet park & bird Sactuary,Tourism. Dept.& Forest Dept,45,rau-1986
a2-29,2,city,disused,29,281,Lalbagh tank,Between Hosur Road and Mysore Road,,12.90,The tank is located inside the premises of Lalbegh & is maintained by Horticulture Dept,Watersheet totems (ins ide regional park),No comments,,45,rau-1986
a2-30,2,city,disused,30,698,Kempambudhi tank,Between Hosur Road and Mysore Road,,14.84,"The Kempambudhi tank is located towards west of Gavipuram Guttahalli. The tank is ill kept by allowing sullage water from east and fron south. A swinming pool and a park are developed on the southern side and a tree park in the eastern side. A sizeable water sheet is main-~ tained on the northern side. The tank bund is in good condition. There are historical aonuments on the bund and in the surrounding areas, Some encroachments are seen on the northern side",Pari & open spaces,The B.W.S.S.B to stop flow of sullage. Water front shou- 1d be developed. The shore areas and the bund ereas to be planted with trees. The committee recomuends for maintainance of water sheet on the northern side and play ground in the southern side,Forest Dept. Pourisa Dept,46,rau-1986
a2-31,2,city,disused,31,699,Karithinuanahally tank,Between Hosur Road and Mysore Road,,3.87,The tank is located towards western Side of Kenpambudhi Tank. The bund is in good condition. The bed is available for developments,Park& open spaces,Recommends for developing ornatental park combining the Kempambudhi tank ani Kari shimauanahally tank as one unit,B.D.A & Forest Dept,46,rau-1986
a2-32,2,city,disused,32,682,Anche Ramana kere,Between Mysore Road and Tumkur Road,,,The tank is located towards north of Mysore Road nearer to industrial area,Park & open spaces,The committee recommends to develop tree park with flowering trees,Forest Dept,46,rau-1986
a2-33,2,city,disused,33,696,Binny Mill Tank,Between Mysore Road and Tumkur Road,,30.37,BCC has filled up the tank bed. There is a pro-~ posal to make a wholesale fruit and vegetable market or a lorry parking area,Commerc al,No comments,B.c.c,47,rau-1986
a2-34,2,city,disused,34,681,Gangondanahalli tank,Between Mysore Road and Tumkur Road,,0.64,The tank is surrounded. by developments. The tank is: very small,Park and Open spaces and road,BDA may develop park,BDA & Forest Dept,47,rau-1986
a2-35,2,city,disused,35,680,Malagali Tank,Between Mysore Road and Tumkur Road,,3.87,The tank is a small one. The tank is breached,Partly road and pertly residential,To devélop tree park in tke tank bed,Forest Dept,47,rau-1986
a2-36,2,city,disused,36,679,Kamakshipalya tank,Between Mysore Road and Tumkur Road,,,It is a small tank with standing water. The tank is in good scondition. There are encroachments on all sides,Park and open spaces,Water sheet May be maintained after removing the encroachments,Forest Dept,47,rau-1986
a2-37,2,city,disused,37,678,Kurubarahally tank,Between Mysore Road and Tumkur Road,,,The tank is already alloted to Police Dept. for construction of staff quarters,"Developed area, Police quarters",No proposals Since disposed,,47,rau-1986
a2-38,2,city,disused,38,688,Shivanahally tank( Agrehara Dasarahally),Between Mysore Road and Tumkur Road,,,The tank has got standing: water sullage water is now allowed to enter Burd is in good condi-~- tion. The tank is surrounded by BDA layout,Park and open Spaces,Water sheet may be maintained with fore-~shore planting,Forest Dept,48,rau-1986
a2-39,2,city,disused,39,687,Sate curuvanahally tank,Between Mysore Road and Tumkur Road,,,The tank is breached ane. roads are formed by BDA on all sides. The bed is vacant,Park and cpen spaces,Tree park to be developed in the tank bed,Forest Dept,48,rau-1986
a2-40,2,city,disused,40,692,Sankey tank,Between Mysore Road and Tumkur Road,,,The tank was built in 1882 for water supply purposes. The bund is in good condition and there is water in the central part of the bed A swimming pool is built ub on the eastern side& a Dini park on the western side. Recently Tourisu dept. has introduced Boeting facility,Yatersheet on the Southern side and public and semipublic on the northern side,To develop tree park on the northern and western side & boating 2awakBbpt. facility on the southern side,Forest Dept.& Tourism,48,rau-1986
a2-41,2,city,disused,41,677,Dasainakere,Between Mysore Road and Tumkur Road,,,The tank is a very smaiz: f one & is occupied by unauthorised developments BDA has got a scheme called Nandini Layout around the tank,Residen- = tial,No comments,B.D. A,48,rau-1986
a2-42,2,city,disused,42,347,Geddalahalli tank,Between Tumkur Road and Bellary Road,,10.32,The tank is located in Raja Mahal Vilas II stage scheme. The tank is breached.BDA has formed roads on all sides,7e7™ end open spaces,Gonmittee recommends to develop free park,Forest Dept,49,rau-1986
a2-43,2,city,disused,43,348,Chickamaranahally tank,Between Tumkur Road and Bellary Road,,13.0,The tank is located near Nagashettihalli near R.M.¥ II stage scheme. In R.M.V. scheme water sheet proposed by BDA. But now it is learnt that the tank bed area is allowted to Space Dept. and Indian Institute of Science ami B.D.A,Pars and& Civil amenities,Recommended to form a park wherever it is wempossible in the bed area,B.D-A,49,rau-1986
a2-44,2,city,disused,44,509,sdallesandra tank,Between Tumkur Road and Bellary Road,,5.0,The tank is located in Jalshalli area,Within Defence area,Pore-shore Planting,Forest Dept,49,rau-1986
a2-45,2,city,disused,45,507,darakbanta Keval tank,Between Tumkur Road and Bellary Road,,,The tank is located in unclassified area,do,dow,do,49,rau-1986
a2-46,2,city,disused,46,349,Mathikere tank,Between Tumkur Road and Bellary Road,,39.34,"The tank is adjoining B,E.L. and H.M.?. Road near Yeshwanthapura,Tank is breached and Atchkat is developed Encorachments are observed in the tank bed. Unauthorised cultivation is observed in tank bed",Regional Park,Unauthorised cultivation snould be renoved. The bed should be developed as Regional park with play ground z facility,Forest Dept. and B.c.c,50,rau-1986
a4-1,4,city,live,1,381(a),Amruthalli tank,Between Bellary Road and Madras Road,,9.35,Tank is located towards east of Bellary Read. It has got atchkat,Park and open spaces,"To develop foreshore area, with plantation",Forest Dept,52,rau-1986
a4-2,4,city,live,2,354,Nagawara Tank,Between Bellary Road and Madras Road,,43.86,"The tank is located near Nagavara village, It is in the down stream side ef Hebbal tank, It is a big tank. There is scope for Tourism Department to effect some development for tourists",Park and open spaces,fo develop foreshore planting around the tank bed,Forest Dept.& Karnataka State Tourism Development Corporation,52,rau-1986
a4-3,4,city,live,3,346,Hennur tank,Between Bellary Road and Madras Road,,25.80,The tank is located towards west of Hennur village. Water is being polluted by Industrial wastes. This) should be stopped. eee L,Portion in the tank is earmarked for perk & open apaces,"To develop foreshore planting. The BLW,.,3,5.B should immediately divert sullage water and industrial waste from the tank",Forest Dept,52,rau-1986
a4-4,4,city,live,4,343,Kacharakeanahalli Tank,Between Bellary Road and Madras Road,,22.57,The tank is located towards west of Kacharakanahealli villege. There is wate} pollution which should be immediately diverted by B.W.S.S.B,"Part of scheme where residential, industrial & park & open spaces are proposed","As a decision is taken by Govt.to locate a modern, Abbatior by BAFCO hence no proposals are made",,53,rau-1986
a4-5,4,city,live,5,341,Challakere Tank,Between Bellary Road and Madras Road,,10.32,The tank is located near Challakere village towards east of Hennur Road,Park & Open spaces,It is ineluded in BDA schemes Foreshore planting is recommended and when surrounding area is developed tree park to be developed,Forest Dept,53,rau-1986
a4-6,4,city,live,6,330,(a)Basavanapuratank,Between Bellary Road and Madras Road,,,"The tank is located towards the down stream side of E.R, Puram tank",Park & open Spaces,To develop tree park when the surrounding area gets developed,Forest Dept,53,rau-1986
a4-7,4,city,live,7,220,K.R. Puram Tank,Between Bellary Road and Madras Road,,21.78,The tank is located towards north east of K.R. Puram villege and is ebutting Old Madras Road,Park & Open spaces where Watersheet is retained. AT,"Poreshore planting and watersheet to be retained when surrounding area gets developed. Watersheet to be. maintained, wee ey","Forest Dept. & B.W.S,S.B",53,rau-1986
a4-8,4,city,live,8,329,Kowdenehalli Tank,Between Bellary Road and Madras Road,,18.06,"The tank is located towards north of I,f,I.Colony. The bund is in good condition, Some encroachments are seen in the shore area",Park and open spaces,Foreshore planting & to develop tree park When the surrounding area gets developed,Forest Dept,54,rau-1986
a4-9,4,city,live,9,327,Viginapura Tank,Between Bellary Road and Madras Road,,6.45,It is a small tank surrounded by unauthorised. conetructions,Park& open spaces,To develop tree park,Forest Dept,54,rau-1986
a4-10,4,city,live,10,228,Tank east of Parappana Agrahara,Between Madras Road and Hosur Road,,15.65,The tank is located adjoining New Central Jail,Park & open Spaces,Foreshore planting,Forest Dept,54,rau-1986
a4-11,4,city,live,11,226,Kasavanahalli Tank,Between Madras Road and Hosur Road,,17.42,The tank is located near Sarjapura Road,Park & open spaces,Poreshore planting. To develop tree park when surrounding area gets developed,Forest Dept,54,rau-1986
a4-12,4,city,live,12,227,Melinakere Amblipura,Between Madras Road and Hosur Road,,19.33,The tank is located near Sexjapura Road and near Agar ax,Park& open spaces,do,Forest Dept,54,rau-1986
a4-13,4,city,live,13,228,Kaikendanehelli Tank,Between Madras Road and Hosur Road,,27.09,The tank is located near Sarjapura Road,Park & open spaces,do,Forest Dept,54,rau-1986
a4-14,4,city,live,14,,Tank east of Haralur,Between Madras Road and Hosur Road,,5.16,The tank is located in the interior area south of Sarjapur Road,Partly Fark & open spaces partly pelt,dogreen,Forest Dept,54,rau-1986
a4-15,4,city,live,15,230,Kelaginakere Amblipura,Between Madras Road and Hosur Road,,3.23,The tank is located in the interior area near Sarjapura Road,Park and open Spaces,Foreshore planting to develop tree park when the surrounding area gets developed,Forest Dept,55,rau-1986
a4-16,4,city,live,16,231,Tank east of Lbblur,Between Madras Road and Hosur Road,,9.03,The tank is located near Sarjapura Road,Park and open spaces,do,Forest Dept,55,rau-1986
a4-17,4,city,live,17,278,ageram tank,Between Madras Road and Hosur Road,,48.38,The tank is located along Sarjapura Road towards awest of Agaram village. The tank is covered with water Hyacinth which requires deweeding immediately,Park and open spaces,do- & tourist facilities by K.S.3.D.C,Forest Dept.& KSTDC,55,rau-1986
a4-18,4,city,live,18,202,Urumundina-~ kere Vibhuthipure,Between Madras Road and Hosur Road,,14.83,"The tank is located in the interior and north of HAL industrial area, There are brick kilns in the tank bed",Park and open Bpace,Foreshore planting to develop tree park when the surrounding area gets developed,Forest Dept,55,rau-1986
a4-19,4,city,live,19,503,Melinakere Byrasandra,Between Madras Road and Hosur Road,,5.48,"The tank is located in the interior area, The atchkat is. in. good condition",Park and open spaces,do,Forest Dept,55,rau-1986
a4-20,4,city,live,20,304,Kelaginakere Byrasandra,Between Madras Road and Hosur Road,,4.52,The tank is within. HAL. industrial area,Industrial use,No proposals,,55,rau-1986
a4-21,4,city,live,21,306,Tank east of Benniganahalli,Between Madras Road and Hosur Road,,20.64,"The tank is located adjoining Salem Railway Line along Madras road and towards east of the village, Atchkat area is developed with some factories",Park & openspaces,"Foreshore planting, Water sheet to be retained",Forest Dept.& KSTDC,55,rau-1986
a4-22,4,city,live,22,307,Kaggadasapura Tank,Between Madras Road and Hosur Road,,17.74,The tank is located to east of Kaggadasapura near Salen Railway line,Park > oper speces,Foreshore planting. To develop tree park when the surrounding area gets deva- Loped,Forest Dept,56,rau-1986
a4-23,4,city,live,23,309,"B.Narayanapuca Tank, 7",Between Madras Road and Hosur Road,,8.06,The tank is located towards south of B.Nerayanapurse Village,Park & epen spaces,doa an,Forest Dept,56,rau-1986
a4-24,4,city,live,24,310,Tank east of Mahad evapure,Between Madras Road and Hosur Road,,,The tank is a smell one adjoining Mehadevapura village,"Partly industrial, partly green belt",To develop tree park,Forest Dept,56,rau-1986
a4-25,4,city,live,25,312,Tank west of Doddanaksxundi,Between Madras Road and Hosur Road,,47.08,The tank is adjoining Doddanakiuntii village near Salem Railway line,park & open epaces,"Foreshore planting, to develop tree park when the surr—- ounding area gets developed",Forest Dept,56,rau-1986
a4-26,4,city,live,26,315,Chanappane halli tanks (3 tenks),Between Madras Road and Hosur Road,,411.13,TheAanks are located near Varthur Road to the north of village,Regicnal park,To develop as Regional park,Forest Dept,56,rau-1986
a4-27,4,city,live,27,315,Kundelahalli tank,Between Madras Road and Hosur Road,,40.48,"The tank is located near road connecting Varthur Road and Whitefield Road, Some developments are seen in the Atchkat area",Park & open spaces,To develop as tree park,Forest Dept,56,rau-1986
a4-28,4,city,live,28,325,Dyavasandre Tank,Between Madras Road and Hosur Road,,5.81,The tank is located adjoining Medras Railway line to the north of Whitefield Road 50,Park & open spaces,To develop as tree park,Forest Dept,56,rau-1986
a4-29,4,city,live,29,237,Shingasandra Tank,Between Madras Road and Hosur Road,,0.6,The tank is located near Park & Open Hosur road near Shinga- spaces gandra village,,To develop as tree park,Forest Dept,57,rau-1986
a4-30,4,city,live,30,237,Garebhavipalya tank,Between Madras Road and Hosur Road,,9.03,The tank is located along Park and Hosur Roed open spaces,,™o develop as tree park,Forest Dept,57,rau-1986
a4-31,4,city,live,31,237(b),Bank south of Mangammenapelya,Between Madras Road and Hosur Road,,3.23,The tank is located along Park and Hosur Road. open. spaces,,To develop as tree park,Boxset Tot,57,rau-1986
a4-32,4,city,live,32,275,Madivalea Tank rane,Between Hosur Road and Mysore Road,,114.16,"The tank is within BIM Park & schene of BDA, This is a open tuajor tank with standing spaces,water water, The atchkat is sheet reproposed for development tained, in BEM scheme",,"Poreshore planting. Watersnheet to be preserved, Tourist fecilities may be provided by KSTDC",Forest Dept.& KSTRC,57,rau-1986
a4-33,4,city,live,33,238,Kodagikere Shingasandra,Between Hosur Road and Mysore Road,,8.71,"The tank is located near Park and Shingasandra village open elor, Hosur Road. spaces",,Foreshore plenuting. To develop tree park when the surrounding area gets devaloped,Forest Dept,57,rau-1986
a4-34,4,city,live,34,771,ASlahalli Tank,Between Hosur Road and Mysore Road,,6.1,"The tank is located in the Residentialanterior area near Ala- details not halli and west of Banner- worked out, ghatta Road",,To develop tree park,Forest Dept,57,rau-1986
a4-35,4,city,live,35,768,Subberayenakere Doddakalasandra,Between Hosur Road and Mysore Road,,1.13,"fhe tank is located in -dothe interior and is a enali, one",,To develop as tree park,Forest Dept,57,rau-1986
a4-36,4,city,live,36,767,Machikeore Doddakalasandra,Between Hosur Road and Mysore Road,,8.87,The tank is located near industrial area along Kanazeapura Road (towards east),Park & open spaces,Foreshore planting to develop tree park when the surroumding area gets developed,Forest Dept,58,rau-1986
a4-37,4,city,live,37,269,Ronenekunte tank,Between Hosur Road and Mysore Road,,3.71,The tank is located near industrial area along Kanokapurea Road,Parké& open spaces,To develop as tree park,Forest Dept,58,rau-1986
a4-38,4,city,live,38,268,Chunchugnatta tank,Between Hosur Road and Mysore Road,,8.25,The tank is located near Regional park between Kenekopure Road and Bannerghatta Road,Park & open spaces,fo develop as Regional park with water sheet,Forest Dept,58,rau-1986
a4-39,4,city,live,39,257,Kothnur tank,Between Hosur Road and Mysore Road,,6.78,The tank is located near the Regional park between Kanakepure Road and Bennerghettea Road,Park & open spaces,"Foreshore plenting, to develop tree park when the surrounding ares, gets developed",Forest Dept,58,rau-1986
a4-40,4,city,live,40,265,Tank south of Bilakeanahalli,Between Hosur Road and Mysore Road,,4.55,"The tank is located along Bannerghattea road and is a small one. Revelopments have come up towards south of the tank, near proposed Regional park",Park & open spaces,To develop tree park,Forest Dept,58,rau-1986
a4-41,4,city,live,41,264,Tank between Hulimavu & Arakere,Between Hosur Road and Mysore Road,,15.16,The tank is located between Hulimavu & Arakere and is abutting Banneraghatte Road There is a huge rock cave to-~ wards south of the tank. Be,Park & open spaces,Foreshore planting. Watersheet to be retained,Forest Dept,58,rau-1986
a4-42,4,city,live,42,273,Tank north of Doresanipalya,Between Hosur Road and Mysore Road,,20.64,The tank is located towards west of Bannerghatta Road and south of Sarakki layout. The tank bund is in good condition. There are a few developments in the atchkat Brea,Park & open spaces,Foreshore plenting watersheet to be retained,Forest Dept,59,rau-1986
a4-43,4,city,live,43,722,Kasimkhantnoe xeré Gublal,Between Hosur Road and Mysore Road,,6.08,The tank is located towards north of Gublal village aizng Subramanyapura village Road,Park & open spaces,Foreshore planting. To develop tree park when the surrounding area gets deve~ Loped,Forest Dept,59,rau-1986
a4-44,4,city,live,44,721,Ve nkatpanakere Uttarahalli,Between Hosur Road and Mysore Road,,7.10,The tank is located near Uttarahalli village,Perk and open spaces,Foreshore planting. To develop tree park when the surrounding area gets develeped,Forest Dept,59,rau-1986
a4-45,4,city,live,45,720,Dorekere Uttarahalli,Between Hosur Road and Mysore Road,,14.61,do,dow,do,Forest Dept,59,rau-1986
a4-46,4,city,live,46,718,Janardhanakere Vasanthapura,Between Hosur Road and Mysore Road,,2.58,The tank is located towards east of Vasanthapura. The tank is a small one,Park and open spaces,To develop tree park,Forest Dept,59,rau-1986
a4-47,4,city,live,47,,TtT Annappanakere,Between Hosur Road and Mysore Road,,2.90,"The tank is located near Yelchenahalli along Karakapura Road, The tanh is a small one",Part of layout,To develop tree park,Forest Dept,59,rau-1986
a4-48,4,city,live,48,741,Govindanaikana kere paris,Between Hosur Road and Mysore Road,,32.25,The tank is located towards east of Jaragananalli and nag got pproch mad fon Kanakapura Road,Park & open spaces,Foreshore Forest planting Dept wat ersneet B to be retained,& W.S.S.B,60,rau-1986
a4-49,4,city,live,49,712,Mogakere Uttaranelli,Between Hosur Road and Mysore Road,,7.10,The tank is located near Uttarahalli and along Uttaronalli.Kengem oad,Park & open spaces,Foreshore planting. To develop tree park when the surrounding area gets deva- Loped,Forest Dept,60,rau-1986
a4-50,4,city,live,50,708,Doddokere Hoskere- ROLL,Between Hosur Road and Mysore Road,,23.22,The tank is located near Hosakerehalli viliage adjoining Banashankari ITI stage layout,Regional park,Regional park and watersheet,Forest Dept,60,rau-1986
a4-51,4,city,live,51,706,Chickklo-~ sond re Tank,Between Hosur Road and Mysore Road,,6.16,The tank is located near Banashankari Til stage layout,Parks & open space,To develop tree park,Forest Dept,60,rau-1986
a4-52,4,city,live,52,707,Ittanadu Tank,Between Hosur Road and Mysore Road,,4.46,The tank is located near Banashankari ITI stage Layout,Park and open spaces,fo develop park with tree planting,Forest Dept,60,rau-1986
a4-53,4,city,live,53,723,Mylssendra 11.% Tank ( 2 tans),Between Hosur Road and Mysore Road,,,The tanks re located in the interior and south of Kengeri,Park & open spaces,Foreshore plenting. To develop tree park when the surrounmling area gets deve- Loped,Forest Dept,60,rau-1986
a4-62,4,city,live,62,674,Kelaginakere yalgeranali,Between Hosur Road and Mysore Road,,10.81,The tank is located in the interior near Kengeri Sate- Llite town,Park and operspaces,Foreshore planting. Watersheet to be méintained,Forest Dept.& ByWSSB,61,rau-1986
a4-63,4,city,live,63,673(a),Tank west of Wagarbaavi,Between Hosur Road and Mysore Road,,3.55,The tank is located near Bangalore University Campus,Park and open spaces,fo develop watersheet and tourist facilities by K.S.T.D.C,Forest Dept.& KESTDC,61,rau-1986
a4-64,4,city,live,64,673,ore Halatn- Tovi Bagappane nalli,Between Hosur Road and Mysore Road,,27.10,The tank is located towards west of Bangalore University campus & near Malathnalii,Park & open spaces ywatersheat retained,Foreshore vlenting. Watersheet to be retained & tourist fecilities by ESTDC,Forest Dept.& ESTDC,61,rau-1986
a4-65,4,city,live,65,672,Srigandhazaval tank,Between Hosur Road and Mysore Road,,,The tank is located towards south of Magadi 2o0ad ani is & om&il one,Park and open spaces,Foreshore planting,Forest Dept,61,rau-1986
a4-66,4,city,live,66,683,Tank north west of Nayandahalli,Between Hosur Road and Mysore Road,,4.52,The tank is located towards north west of Nayandahalli and near Pantharapalya along Mysore Road,open & gnaces,ine te aerelog a tree park wen the sh; ne surrounding area gets deve-— loped,Forest Dept,61,rau-1986
a4-67,4,city,live,67,683,Halekere Wayandahalli,Between Hosur Road and Mysore Road,,5.80,The tank is lo a cated near Pantharapalya & Nayandanaili Railwa i i ilway station,Pa open & spaces. Watersheet retained,to,dost se,61,rau-1986
a4-68,4,city,live,68,521,Narasappanake re Kari-Obanahalli,Between Hosur Road and Mysore Road,,,"The tank is located in the interior, south of Tumkur roed and near Nallakedrenahalli",Park and open spaces,fo devclop Forest tree park Dept,,62,rau-1986
a4-69,4,city,live,69,520,Hoskere Nallakad renahalli a,Between Hosur Road and Mysore Road,,9.54,"The tank is located in theinterior, south of Tumkur Road and near Nallexadrena-~ nel",Park of residmtial layout,Foreshore planting. To develop tree park when the surrounding area gets develpped,Forest Dept,62,rau-1986
a4-70,4,city,live,70,519,Halekere Mallakeadronahalli,Between Hosur Road and Mysore Road,,3.07,"The tank is located in the interior, south of Tumkur Road and near Nallakadrenahalli",Part of cesidential gone,To develop tree park in the tank bad and proposed park in the 1a yout,"Fore- Dept, G BLD.A",62,rau-1986
a4-71,4,city,live,71,514,Chokkasandra Tank,Between Hosur Road and Mysore Road,,10.65,The tank is located towards south of Dasarhalli,Park & open spaces,Foreshore planting. Watersheet to be retained,Forest Dept,62,rau-1986
a4-72,4,city,live,72,545,Doddakere Bagalkunte,Between Tumkur Road and Bellary Road,,9.36,he tank is located towards west of Bagalkunte,Residéntial zone details not show,foreshore planting. Wate sheet tobe ut-.ned Park to be enforced in the layout by BDA,Forest Dept.é& 3.D.A,62,rau-1986
a4-73,4,city,live,73,,Chickbanavara Tank,Between Tumkur Road and Bellary Road,,30.38,The tank is located towards east of Chickbanayara,Partly park & partly green belt,Fore snore plonting Watersneet to be retained. Tourist facilities by KSTDC,Forest Dept.& KSTDC,63,rau-1986
a4-74,4,city,live,74,,Narasipura Tank,Between Tumkur Road and Bellary Road,,4.52,The tank is on the east of Jalanalli,Park & open space,To develop tree park,Forast Dept,63,rau-1986
a4-75,4,city,live,75,251,Tinnalu tank,Between Tumkur Road and Bellary Road,,3.87,The tank is locéted in the interior,"Park & open spaces, Regional park",Foreshore planting Yatersheet to be retained,Forest Dept,63,rau-1986
a4-76,4,city,live,76,752,Doddabommasandra tank,Between Tumkur Road and Bellary Road,,46.44,The tank is lceated in the interior,Regional park,Regional park,Forest Dept,63,rau-1986
a4-77,4,city,live,77,508,Kamagondanahalli tank,Between Tumkur Road and Bellary Road,,11.29,The tank is located near Tumkur railway line and towards west of BMT anciilary industries,"Part of residential zone,wween Details not shown",Foreshore planting. To develop tree park the sarrounding area gets developed,Fo reat Devt eps,63,rau-1986
a4-78,4,city,live,78,497,Chickbettanahalli Tank,Between Tumkur Road and Bellary Road,,4.60,The tank is located towards north of Chickbettanalli,"Residential gone, Details not shown","Foreshore planing Watersneet tu ve kreteined, Bark to be enforced by BDA in Layout",Forest Dept.& BDA,63,rau-1986
a4-79,4,city,live,79,293,Hebbal tank,Between Tumkur Road and Bellary Road,,64.50,The tank is a live tank located long Bellary Road The water is covered with hycinth and is used for irrigetion purposes. The Forest Dept. hag developed & good Nursery on the southern gide,Regional park,"Regional park & foreshore planting, Removal of encroachments & wiiter hyacinth by Minor Irrigation Dept. Tourist facilities by K.S.2.D.0",Forest DeptxKSTIK & Minor Irriga—- tion Dept,63,rau-1986
a4-80,4,city,live,80,356,Gremadekere Allala gand ra,Between Tumkur Road and Bellary Road,,17.42,The tank is located towards south of Yelahank Satellite Town,Park & open spaces. Water sheet retained,Foreshore planting. Watersheet to be retained Tourist facilities by ESTDC,Forest Dept.& KSTDC,64,rau-1986
a4-81,4,city,live,81,361,Puttonanalii tank,Between Tumkur Road and Bellary Road,,8.87,The tank is located towards north of Yelahanka Satellite town and along Doddaballapura Road,Park and open spaces,Forsshore planting To develop sree park when the surrounding area gets developed. To devclop picnic spot by ESTDC,Forest Dept.& KST DC,64,rau-1986
a5-1,5,green belt,,1,384,Rachenahalli Tank,Between Bellary Road and Madras Road,Bangalore South,60.0,,,,,66,rau-1986
a5-2,5,green belt,,2,383,Kalkere Kere,Between Bellary Road and Madras Road,Bangalore South,75.0,,,,,66,rau-1986
a5-3,5,green belt,,3,536,Vallenecrukere or Chickere/Kalkere,Between Bellary Road and Madras Road,Bangalore South,80.0,,,,,66,rau-1986
a5-4,5,green belt,,4,337,Gramadake re Horamavu,Between Bellary Road and Madras Road,Bangalore South,19.2,,,,,66,rau-1986
a5-5,5,green belt,,5,338,Grama dakere Horamavu Agara,Between Bellary Road and Madras Road,Bangalore South,54.4,,,,,66,rau-1986
a5-6,5,green belt,,6,,Palahalli Tank,Between Bellary Road and Madras Road,Bangalore North,8.0,,,,,66,rau-1986
a5-7,5,green belt,,7,375,Kogilu Tank,Between Bellary Road and Madras Road,Bangalore North,180.0,,,,,66,rau-1986
a5-8,5,green belt,,8,376,Thirumalenahalli Tank,Between Bellary Road and Madras Road,Bangalore North,4.0,,,,,66,rau-1986
a5-9,5,green belt,,9,377,Gramadakere Cholkanahalli,Between Bellary Road and Madras Road,Bangalore North,3.6,,,,,66,rau-1986
a5-10,5,green belt,,10,378,Agrahara tank,Between Bellary Road and Madras Road,Bangalore North,6.4,,,,,66,rau-1986
a5-11,5,green belt,,11,379,Jakkur Mowjikere,Between Bellary Road and Madras Road,Bangalore North,50.0,,,,,66,rau-1986
a5-12,5,green belt,,12,380,Venkateshapura tank,Between Bellary Road and Madras Road,Bangalore North,2.8,,,,,66,rau-1986
a5-13,5,green belt,,13,384,Bettahalli tank,Between Bellary Road and Madras Road,Bangalore North,3.2,,,,,66,rau-1986
a5-14,5,green belt,,14,,Dagansyakanahslii tank,Between Bellary Road and Madras Road,Devanahalli,2.0,,,,,66,rau-1986
a5-15,5,green belt,,15,,Chagalatti tank,Between Bellary Road and Madras Road,Devanahalli,4.0,,,,,66,rau-1986
a5-16,5,green belt,,16,,Sathaner tank,Between Bellary Road and Madras Road,Devanahalli,1.5,,,,,66,rau-1986
a5-17,5,green belt,,17,,"Byappanshalls, tank",Between Bellary Road and Madras Road,Devanahalli,2.0,,,,,66,rau-1986
a5-18,5,green belt,,18,,Kattigonahalli tank,Between Bellary Road and Madras Road,Devanahalli,2.5,,,,,66,rau-1986
a5-19,5,green belt,,19,,Hunasamaranahalli tank,Between Bellary Road and Madras Road,Devanahalli,3.0,,,,,66,rau-1986
a5-20,5,green belt,,20,385,Kannur tank,Between Bellary Road and Madras Road,Hoskote,25.6,,,,,66,rau-1986
a5-21,5,green belt,,21,386,Yarappanshalli Tank,Between Bellary Road and Madras Road,Hoskote,6.8,,,,,66,rau-1986
a5-22,5,green belt,,22,387,Gubbi tank,Between Bellary Road and Madras Road,Hoskote,53.0,,,,,67,rau-1986
a5-23,5,green belt,,23,388,Amanikere Huvin ane,Between Bellary Road and Madras Road,Hoskote,36.0,,,,,67,rau-1986
a5-24,5,green belt,,24,,Ramapura tank,Between Bellary Road and Madras Road,Hoskote,5.0,,,,,67,rau-1986
a5-25,5,green belt,,25,391,Baiyappanahalli tank,Between Bellary Road and Madras Road,Hoskote,20.0,,,,,67,rau-1986
a5-26,5,green belt,,26,392,Bidarahalli Tank,Between Bellary Road and Madras Road,Hoskote,36.4,,,,,67,rau-1986
a5-27,5,green belt,,27,593,Cheemasandra tank,Between Bellary Road and Madras Road,Hoskote,13.2,,,,,67,rau-1986
a5-28,5,green belt,,28,,Nimekayipura tank,Between Bellary Road and Madras Road,Hoskote,7.6,,,,,67,rau-1986
a5-29,5,green belt,,29,331,Hosakeattbe Bidrahalli,Between Bellary Road and Madras Road,Hoskote,1.0,,,,,67,rau-1986
a5-30,5,green belt,,30,334,"Chowdammanakere, Kithgannur",Between Bellary Road and Madras Road,Hoskote,11.2,,,,,67,rau-1986
a5-31,5,green belt,,31,335,Jink Thimmnahalli Tank Varana si,Between Bellary Road and Madras Road,Hoskote,4.0,,,,,67,rau-1986
a5-32,5,green belt,,32,332,Bhatrahalli Tank,Between Bellary Road and Madras Road,Hoskote,10.0,,,,,67,rau-1986
a5-33,5,green belt,,33,382,Kodagi Kere-Byarati (near Geddalahalli),Between Bellary Road and Madras Road,Hoskote,9.6,,,,,67,rau-1986
a5-34,5,green belt,,34,139,Govinda Settikere Konappanna-Agrahara,Between Madras Road and Hosur Road,Bangalore South,4.0,,,,,67,rau-1986
a5-35,5,green belt,,35,,Tank North-East of Konappana-Agrahara,Between Madras Road and Hosur Road,Bangalore South,2.5,,,,,67,rau-1986
a5-36,5,green belt,,36,142,"Bollakere, Biratena Agrahara",Between Madras Road and Hosur Road,Bangalore South,2.0,,,,,67,rau-1986
a5-37,5,green belt,,37,143,"Biderkere, Amanikere",Between Madras Road and Hosur Road,Bangalore South,36.0,,,,,67,rau-1986
a5-38,5,green belt,,38,225,Harélur Tank,Between Madras Road and Hosur Road,Bangalore South,,,,,,67,rau-1986
a5-39,5,green belt,,39,232,"Bendekere, Haralkunte",Between Madras Road and Hosur Road,Bangalore South,6.8,,,,,67,rau-1986
a5-40,5,green belt,,40,233,Muniakona Saraikere. Haralukunte,Between Madras Road and Hosur Road,Bangalore South,6.8,,,,,67,rau-1986
a5-41,5,green belt,,41,234,Channasecttikere Haralkunte,Between Madras Road and Hosur Road,Bangalore South,0.8,,,,,67,rau-1986
a5-42,5,green belt,,42,235,"Mangammana Palyadakere,. Yellakunte",Between Madras Road and Hosur Road,Bangalore South,3.2,,,,,67,rau-1986
a5-43,5,green belt,,43,220,Junnasandra tank,Between Madras Road and Hosur Road,Bangalore South,0.25,,,,,68,rau-1986
a5-44,5,green belt,,44,221,Doddakere Chikkanahalli,Between Madras Road and Hosur Road,Bangalore South,247.2,,,,,68,rau-1986
a5-45,5,green belt,,45,,Tank West of Kodathi,Between Madras Road and Hosur Road,Bangalore South,4.0,,,,,68,rau-1986
a5-46,5,green belt,,46,205,Dyavarakere Sullikunte,Between Madras Road and Hosur Road,Bangalore South,5.2,,,,,68,rau-1986
a5-47,5,green belt,,47,206,Pasalreddikere Sulikunte,Between Madras Road and Hosur Road,Bangalore South,88.8,,,,,68,rau-1986
a5-48,5,green belt,,48,207,Doddakere (Kodatti),Between Madras Road and Hosur Road,Bangalore South,31.6,,,,,68,rau-1986
a5-49,5,green belt,,49,208,Mullur Tank,Between Madras Road and Hosur Road,Bangalore South,15.2,,,,,68,rau-1986
a5-50,5,green belt,,50,209,"Moralikere, Gunjur",Between Madras Road and Hosur Road,Bangalore South,30.4,,,,,68,rau-1986
a5-51,5,green belt,,51,210,"Hosakere, Gunjur",Between Madras Road and Hosur Road,Bangalore South,3.6,,,,,68,rau-1986
a5-52,5,green belt,,52,211,"Doddakere, Gunjur",Between Madras Road and Hosur Road,Bangalore South,14.8,,,,,68,rau-1986
a5-53,5,green belt,,53,212,"Palyadakere, Pannathur",Between Madras Road and Hosur Road,Bangalore South,2.8,,,,,68,rau-1986
a5-54,5,green belt,,54,213,Boganahalli Tank,Between Madras Road and Hosur Road,Bangalore South,4.8,,,,,68,rau-1986
a5-55,5,green belt,,55,214,BoganahalliAne,Between Madras Road and Hosur Road,Bangalore South,1.2,,,,,68,rau-1986
a5-56,5,green belt,,56,215,"Uramundinakere, Panathur",Between Madras Road and Hosur Road,Bangalore South,10.0,,,,,68,rau-1986
a5-57,5,green belt,,57,216,"Kodagikere, Devarabisanahalli",Between Madras Road and Hosur Road,Bangalore South,40.2,,,,,68,rau-1986
a5-58,5,green belt,,58,217,"Haralkere, Doddakannelli",Between Madras Road and Hosur Road,Bangalore South,23.2,,,,,68,rau-1986
a5-59,5,green belt,,59,301,"Amanikere, Belandur",Between Madras Road and Hosur Road,Bangalore South,360.0,,,,,68,rau-1986
a5-60,5,green belt,,60,314,Tank east of Channapanahalli,Between Madras Road and Hosur Road,Bangalore South,4.53,,,,,68,rau-1986
a5-61,5,green belt,,61,316,"Mowjikere, Siddapura",Between Madras Road and Hosur Road,Bangalore South,1.6,,,,,68,rau-1986
a5-62,5,green belt,,62,317,"Amanikere, Varthur",Between Madras Road and Hosur Road,Bangalore South,180.4,,,,,68,rau-1986
a5-63,5,green belt,,63,318,"Agraharakere, Pattendur",Between Madras Road and Hosur Road,Bangalore South,2.8,,,,,68,rau-1986
a5-64,5,green belt,,64,319,"Kodagikere, Nallurhealli",Between Madras Road and Hosur Road,Bangalore South,17.2,,,,,68,rau-1986
a5-65,5,green belt,,65,320,"Shivaranthakore, Hadagur",Between Madras Road and Hosur Road,Bangalore South,8.0,,,,,68,rau-1986
a5-66,5,green belt,,66,204,"Mowjfikere, Gunjur",Between Madras Road and Hosur Road,Bangalore South,25.6,,,,,68,rau-1986
a5-67,5,green belt,,67,203,"Mowjikere, Kenchamaranahalli",Between Madras Road and Hosur Road,Bangalore South,5.2,,,,,68,rau-1986
a5-68,5,green belt,,68,321,Sonnenehalli tank,Between Madras Road and Hosur Road,Bangalore South,3.0,,,,,68,rau-1986
a5-69,5,green belt,,69,322,Sadaramangala Tank,Between Madras Road and Hosur Road,Bangalore South,7.5,,,,,68,rau-1986
a5-70,5,green belt,,70,323,Sigehalli tank,Between Madras Road and Hosur Road,Bangalore South,5.0,,,,,69,rau-1986
a5-71,5,green belt,,71,196,Rayasand rakake re,Between Madras Road and Hosur Road,Anekal,30.0,,,,,69,rau-1986
a5-72,5,green belt,,72,197,"Banammanskere, Gattahalli",Between Madras Road and Hosur Road,Anekal,29.42,,,,,69,rau-1986
a5-73,5,green belt,,73,199,Chokkasandra tank,Between Madras Road and Hosur Road,Anekal,,,,,,69,rau-1986
a5-74,5,green belt,,74,200,Harohalli tank,Between Madras Road and Hosur Road,Anekal,5.2,,,,,69,rau-1986
a5-75,5,green belt,,75,201,Huskur tank,Between Madras Road and Hosur Road,Anekal,39.2,,,,,69,rau-1986
a5-76,5,green belt,,76,202,Kaggelipura tank,Between Madras Road and Hosur Road,Anekal,,,,,,69,rau-1986
a5-77,5,green belt,,77,260,Choodagandra tank,Between Madras Road and Hosur Road,Anekal,8.0,,,,,69,rau-1986
a5-78,5,green belt,,78,227,Hosahalli tank,Between Madras Road and Hosur Road,Anekal,7.2,,,,,69,rau-1986
a5-79,5,green belt,,79,204,Gulimangala Hosakunte,Between Madras Road and Hosur Road,Anekal,3.75,,,,,69,rau-1986
a5-80,5,green belt,,80,204(a),Chikkanagemangala tank,Between Madras Road and Hosur Road,Anekal,1.2,,,,,69,rau-1986
a5-81,5,green belt,,81,,Gottamanahalli tank,Between Madras Road and Hosur Road,Anekal,8.0,,,,,69,rau-1986
a5-82,5,green belt,,82,,Sigena Agrahare tank,Between Madras Road and Hosur Road,Anekal,40.0,,,,,69,rau-1986
a5-83,5,green belt,,83,200,"Chikkanakundi, tank",Between Madras Road and Hosur Road,Anekal,5.0,,,,,69,rau-1986
a5-84,5,green belt,,84,248,"Kodagikere, Kathriguppe",Between Madras Road and Hosur Road,Anekal,11.2,,,,,69,rau-1986
a5-85,5,green belt,,85,,Ramana yakeanohalli tank,Between Madras Road and Hosur Road,Anekal,,,,,,69,rau-1986
a5-86,5,green belt,,86,,Ramanayekanahalli tank,Between Madras Road and Hosur Road,Anekal,4.0,,,,,69,rau-1986
a5-87,5,green belt,,87,196,"Halasananalli, Thippasandra tank",Between Madras Road and Hosur Road,Anekal,1.5,,,,,69,rau-1986
a5-88,5,green belt,,88,193,Heggondanahalli tank(Jodikunte),Between Madras Road and Hosur Road,Anekal,4.0,,,,,69,rau-1986
a5-89,5,green belt,,89,205,Heggondanahalli tank,Between Madras Road and Hosur Road,Anekal,3.5,,,,,69,rau-1986
a5-90,5,green belt,,90,232,"Parasetti Basammanakere, Thigol Chowdenahalli",Between Madras Road and Hosur Road,Anekal,13.2,,,,,69,rau-1986
a5-91,5,green belt,,91,,"Kodagikere, Dommigondra",Between Madras Road and Hosur Road,Anekal,10.0,,,,,69,rau-1986
a5-92,5,green belt,,92,394,Avalaholli tank,Between Madras Road and Hosur Road,Hoskote,14.4,,,,,69,rau-1986
a5-93,5,green belt,,93,395,"Mallappasettikere,Veeramahalli",Between Madras Road and Hosur Road,Hoskote,110.0,,,,,69,rau-1986
a5-94,5,green belt,,94,396,"Chikkamaganahalli tank, Bidere Agrahare",Between Madras Road and Hosur Road,Hoskote,8.0,,,,,70,rau-1986
a5-95,5,green belt,,95,597,Chikbanahalli tank,Between Madras Road and Hosur Road,Hoskote,4.0,,,,,70,rau-1986
a5-96,5,green belt,,96,398,"Mulikere, Kannamangala",Between Madras Road and Hosur Road,Hoskote,7.42,,,,,70,rau-1986
a5-97,5,green belt,,97,399,"Subbasettikere, Kondae?pu 79",Between Madras Road and Hosur Road,Hoskote,2.0,,,,,70,rau-1986
a5-98,5,green belt,,98,400,Katum Nallur Tank,Between Madras Road and Hosur Road,Hoskote,5.6,,,,,70,rau-1986
a5-99,5,green belt,,99,,Doddagattiganabbe tank,Between Madras Road and Hosur Road,Hoskote,20.0,,,,,70,rau-1986
a5-100,5,green belt,,100,,Koralurn tank,Between Madras Road and Hosur Road,Hoskote,,,,,,70,rau-1986
a5-101,5,green belt,,101,,Chudenapura tank,Between Hosur Road and Mysore Road,Bangalore South,5.5,,,,,70,rau-1986
a5-102,5,green belt,,102,124,Gangachottikere Chudenapura,Between Hosur Road and Mysore Road,Bangalore South,4.4,,,,,70,rau-1986
a5-103,5,green belt,,103,,Hemmigepura tank,Between Hosur Road and Mysore Road,Bangalore South,3.2,,,,,70,rau-1986
a5-104,5,green belt,,104,725,Hemmigepura tank,Between Hosur Road and Mysore Road,Bangalore South,,,,,,70,rau-1986
a5-105,5,green belt,,105,726,Veerammanakere Shompura,Between Hosur Road and Mysore Road,Bangalore South,,,,,,70,rau-1986
a5-106,5,green belt,,106,759,Talaghatapura tank,Between Hosur Road and Mysore Road,Bangalore South,3.0,,,,,70,rau-1986
a5-107,5,green belt,,107,760,Tank north of Nagegowdanapalya,Between Hosur Road and Mysore Road,Bangalore South,0.8,,,,,70,rau-1986
a5-108,5,green belt,,108,761,Tank South of Tatguri estate,Between Hosur Road and Mysore Road,Bangalore South,3.0,,,,,70,rau-1986
a5-109,5,green belt,,109,762,Saludoddi tank,Between Hosur Road and Mysore Road,Bangalore South,4.5,,,,,70,rau-1986
a5-110,5,green belt,,110,973,Badamonavartha Kaval tank (North of Agora),Between Hosur Road and Mysore Road,Bangalore South,2.0,,,,,70,rau-1986
a5-111,5,green belt,,111,734,(South of Agora),Between Hosur Road and Mysore Road,Bangalore South,2.0,,,,,70,rau-1986
a5-112,5,green belt,,112,,K.Gollahalli tank (2 tanks),Between Hosur Road and Mysore Road,Bangalore South,4.0,,,,,70,rau-1986
a5-113,5,green belt,,113,,Devagere tank,Between Hosur Road and Mysore Road,Bangalore South,2.5,,,,,70,rau-1986
a5-114,5,green belt,,114,,Venkatapura tank,Between Hosur Road and Mysore Road,Bangalore South,3.0,,,,,70,rau-1986
a5-115,5,green belt,,115,765,U.M.K.Pank(South of Maliasandra),Between Hosur Road and Mysore Road,Bangalore South,,,,,,70,rau-1986
a5-116,5,green belt,,116,766,Mallagandra tank,Between Hosur Road and Mysore Road,Bangalore South,0.5,,,,,70,rau-1986
a5-117,5,green belt,,117,769,Thippasandra tank,Between Hosur Road and Mysore Road,Bangalore South,0.8,,,,,70,rau-1986
a5-118,5,green belt,,118,,Tank North East of Agora v,Between Hosur Road and Mysore Road,Bangalore South,,,,,,70,rau-1986
a5-119,5,green belt,,119,,Gollahalli tank,Between Hosur Road and Mysore Road,Bangalore South,3.0,,,,,70,rau-1986
a5-120,5,green belt,,120,773,Kothnur Tank,Between Hosur Road and Mysore Road,Bangalore South,3.2,,,,,71,rau-1986
a5-121,5,green belt,,121,259,Bagavanopura K.Tank (Urumundinake re),Between Hosur Road and Mysore Road,Bangalore South,3.2,,,,,71,rau-1986
a5-122,5,green belt,,122,261,Gottigere Tank (Subrayanokere),Between Hosur Road and Mysore Road,Bangalore South,2.0,,,,,71,rau-1986
a5-123,5,green belt,,123,262,Kolena Agrahara Tank (Mowjikere),Between Hosur Road and Mysore Road,Bangalore South,3.2,,,,,71,rau-1986
a5-124,5,green belt,,124,257,Tank South of Kamanahalli,Between Hosur Road and Mysore Road,Bangalore South,6.80,,,,,71,rau-1986
a5-125,5,green belt,,125,258,Tank cast of Kammanahalli,Between Hosur Road and Mysore Road,Bangalore South,5.67,,,,,71,rau-1986
a5-126,5,green belt,,126,260,Tank South of Kammanahalli,Between Hosur Road and Mysore Road,Bangalore South,14.98,,,,,71,rau-1986
a5-127,5,green belt,,127,,Vadershalli tank (Dinnepalya tank),Between Hosur Road and Mysore Road,Bangalore South,3.0,,,,,71,rau-1986
a5-128,5,green belt,,128,263,Urumundinakerce Hulimavu,Between Hosur Road and Mysore Road,Bangalore South,50.0,,,,,71,rau-1986
a5-129,5,green belt,,129,251,Mylasondra tank (Chowthagadakere),Between Hosur Road and Mysore Road,Bangalore South,46.8,,,,,71,rau-1986
a5-130,5,green belt,,130,252,Subedaranakere Begur Chamrashekarapura,Between Hosur Road and Mysore Road,Bangalore South,18.4,,,,,71,rau-1986
a5-131,5,green belt,,131,256,"Nachonapalyadakere, Begur Chand rashekara pura",Between Hosur Road and Mysore Road,Bangalore South,2.8,,,,,71,rau-1986
a5-132,5,green belt,,132,255,"Subbainkere, Yelenahaili",Between Hosur Road and Mysore Road,Bangalore South,2.0,,,,,71,rau-1986
a5-133,5,green belt,,133,253,Agraharadakere Beguru,Between Hosur Road and Mysore Road,Bangalore South,165.0,,,,,71,rau-1986
a5-134,5,green belt,,134,254,"Doddakere, Begur",Between Hosur Road and Mysore Road,Bangalore South,46.58,,,,,71,rau-1986
a5-135,5,green belt,,135,239,"Naganaikanakere, Begur",Between Hosur Road and Mysore Road,Bangalore South,12.96,,,,,71,rau-1986
a5-136,5,green belt,,136,240,"Dinne Subrayanakere, Begur",Between Hosur Road and Mysore Road,Bangalore South,,,,,,71,rau-1986
a5-137,5,green belt,,137,241,"Venkotappanaikenakere, Begur",Between Hosur Road and Mysore Road,Bangalore South,4.45,,,,,71,rau-1986
a5-138,5,green belt,,138,242,Bagapura Chikkere,Between Hosur Road and Mysore Road,Bangalore South,2.0,,,,,71,rau-1986
a5-139,5,green belt,,139,245,"Urumundinakere, Vittaosandra",Between Hosur Road and Mysore Road,Bangalore South,7.6,,,,,71,rau-1986
a5-140,5,green belt,,140,246,Gendekere Mylasandra,Between Hosur Road and Mysore Road,Bangalore South,6.0,,,,,71,rau-1986
a5-141,5,green belt,,141,140,Doddathogur tank (Haromanckere),Between Hosur Road and Mysore Road,Bangalore South,5.0,,,,,71,rau-1986
a5-142,5,green belt,,142,,Dodaathagur tank,Between Hosur Road and Mysore Road,Bangalore South,,,,,,71,rau-1986
a5-143,5,green belt,,143,141,Kodagikere Doddathogur,Between Hosur Road and Mysore Road,Bangalore South,8.0,,,,,71,rau-1986
a5-144,5,green belt,,144,105,Hogaktinte Bettadaganapura,Between Hosur Road and Mysore Road,Bangalore South,2.8,,,,,71,rau-1986
a5-145,5,green belt,,145,106,Bettadaganapura~~~-~O8,Between Hosur Road and Mysore Road,Bangalore South,,,,,,72,rau-1986
a5-146,5,green belt,,146,107,Bettadaganapura tank (Govindanakunte),Between Hosur Road and Mysore Road,Bangalore South,0.4,,,,,72,rau-1986
a5-147,5,green belt,,147,156,Kenpanaikanahallikere (Bane rghatta),Between Hosur Road and Mysore Road,Anekal,2.0,,,,,72,rau-1986
a5-148,5,green belt,,148,166,"Venkatappanakere, Bilwaradahalli",Between Hosur Road and Mysore Road,Anekal,4.0,,,,,72,rau-1986
a5-149,5,green belt,,149,178,"Ramagowdantkers, Gollahallt",Between Hosur Road and Mysore Road,Anekal,2.4,,,,,72,rau-1986
a5-150,5,green belt,,150,140,"Addiganakere, Mantapa",Between Hosur Road and Mysore Road,Anekal,3.6,,,,,72,rau-1986
a5-151,5,green belt,,151,144,"Urunundina Doddakere, Mantapa",Between Hosur Road and Mysore Road,Anekal,17.42,,,,,72,rau-1986
a5-152,5,green belt,,152,145,"Karilyappanahallikere, Bannerghat ta oe",Between Hosur Road and Mysore Road,Anekal,,,,,,72,rau-1986
a5-153,5,green belt,,153,146,Bandikere Vaderahalli,Between Hosur Road and Mysore Road,Anekal,1.0,,,,,72,rau-1986
a5-154,5,green belt,,154,147,"Kodagikere, Sakalawara",Between Hosur Road and Mysore Road,Anekal,9.2,,,,,72,rau-1986
a5-155,5,green belt,,155,148,"Amanikere, Bhujangadasanakere",Between Hosur Road and Mysore Road,Anekal,,,,,,72,rau-1986
a5-156,5,green belt,,156,,Mantapa tank,Between Hosur Road and Mysore Road,Anekal,8.0,,,,,72,rau-1986
a5-157,5,green belt,,157,,Boginshalli tank,Between Hosur Road and Mysore Road,Anekal,,,,,,72,rau-1986
a5-158,5,green belt,,158,180,Hosakere Bingipura,Between Hosur Road and Mysore Road,Anekal,,,,,,72,rau-1986
a5-159,5,green belt,,159,181,"Hongekere, Hullabpalli",Between Hosur Road and Mysore Road,Anekal,0.8,,,,,72,rau-1986
a5-160,5,green belt,,160,182,"Motadakere, Hullahol1i",Between Hosur Road and Mysore Road,Anekal,13.6,,,,,72,rau-1986
a5-161,5,green belt,,161,154,"Doddakere, Hulimangaia",Between Hosur Road and Mysore Road,Anekal,26.80,,,,,72,rau-1986
a5-162,5,green belt,,162,155,"Urumundinakere, Nanjapura",Between Hosur Road and Mysore Road,Anekal,,,,,,72,rau-1986
a5-163,5,green belt,,163,,Uramundinakere Vabagand ra,Between Hosur Road and Mysore Road,Anekal,3.6,,,,,72,rau-1986
a5-164,5,green belt,,164,,Margondonghalli Tank,Between Hosur Road and Mysore Road,Anekal,6.0,,,,,72,rau-1986
a5-165,5,green belt,,165,,Shikeripalya tank (2 tanks),Between Hosur Road and Mysore Road,Anekal,,,,,,72,rau-1986
a5-166,5,green belt,,166,,Goldehalli tank,Between Hosur Road and Mysore Road,Anekal,5.0,,,,,72,rau-1986
a5-167,5,green belt,,167,,Hebgodi tank,Between Hosur Road and Mysore Road,Anekal,8.0,,,,,72,rau-1986
a5-168,5,green belt,,168,,Veerasandra tank,Between Hosur Road and Mysore Road,Anekal,3.0,,,,,72,rau-1986
a5-169,5,green belt,,169,,Veerasandra tank,Between Hosur Road and Mysore Road,Anekal,2.5,,,,,72,rau-1986
a5-170,5,green belt,,170,515,Doddabiderkal tank,Between Mysore Road and Tumkur Road,Bangalore North,18.4,,,,,73,rau-1986
a5-171,5,green belt,,171,522,"Lingedeeranthalli, Hosakere",Between Mysore Road and Tumkur Road,Bangalore North,,,,,,73,rau-1986
a5-172,5,green belt,,172,522(a),Harohalli tank,Between Mysore Road and Tumkur Road,Bangalore North,,,,,,73,rau-1986
a5-173,5,green belt,,173,522(b),"Lingadeeranshalli, Halekere",Between Mysore Road and Tumkur Road,Bangalore North,2.0,,,,,73,rau-1986
a5-174,5,green belt,,174,622,Sigeholli tank,Between Mysore Road and Tumkur Road,Bangalore North,2.4,,,,,73,rau-1986
a5-175,5,green belt,,175,663,"Subbainakere, Kodagihalli",Between Mysore Road and Tumkur Road,Bangalore North,4.8,,,,,73,rau-1986
a5-176,5,green belt,,176,664,"Venkappantkere, Kodagihalli",Between Mysore Road and Tumkur Road,Bangalore North,3.6,,,,,73,rau-1986
a5-177,5,green belt,,177,665,Kannehalli tank,Between Mysore Road and Tumkur Road,Bangalore North,28.20,,,,,73,rau-1986
a5-178,5,green belt,,178,666,Bampura tank,Between Mysore Road and Tumkur Road,Bangalore North,3.0,,,,,73,rau-1986
a5-179,5,green belt,,179,667,Manganahalli tank (Breached),Between Mysore Road and Tumkur Road,Bangalore North,,,,,,73,rau-1986
a5-180,5,green belt,,180,668,Manganshelli tank rend yakanohelli,Between Mysore Road and Tumkur Road,Bangalore North,1.6,,,,,73,rau-1986
a5-181,5,green belt,,181,670,Hullelu tank,Between Mysore Road and Tumkur Road,Bangalore North,4.0,,,,,73,rau-1986
a5-182,5,green belt,,182,671,Herohlly tank,Between Mysore Road and Tumkur Road,Bangalore North,16.20,,,,,73,rau-1986
a5-183,5,green belt,,183,672,"Thothakere,Herehalli",Between Mysore Road and Tumkur Road,Bangalore North,,,,,,73,rau-1986
a5-184,5,green belt,,184,279,Linganakatte Harokyathonahalli,Between Mysore Road and Tumkur Road,Nelamangala,,,,,,73,rau-1986
a5-185,5,green belt,,185,289,"Devagowlanakat te, Add kamaronahal ls",Between Mysore Road and Tumkur Road,Nelamangala,0.4,,,,,73,rau-1986
a5-186,5,green belt,,186,516,Madavara tank,Between Mysore Road and Tumkur Road,Nelamangala,24.40,,,,,73,rau-1986
a5-187,5,green belt,,187,523,Gangondanahalli tank,Between Mysore Road and Tumkur Road,Nelamangala,15.0,,,,,73,rau-1986
a5-188,5,green belt,,188,524,Lakkenahalli tank,Between Mysore Road and Tumkur Road,Nelamangala,5.6,,,,,73,rau-1986
a5-189,5,green belt,,189,525,Macholli tank Chilhere,Between Mysore Road and Tumkur Road,Nelamangala,12.8,,,,,73,rau-1986
a5-190,5,green belt,,190,526,Doddakerte Machohalli,Between Mysore Road and Tumkur Road,Nelamangala,20.9,,,,,73,rau-1986
a5-191,5,green belt,,191,527,Bayandahelli tank,Between Mysore Road and Tumkur Road,Nelamangala,4.0,,,,,73,rau-1986
a5-192,5,green belt,,192,661,Kenchanapura tank,Between Mysore Road and Tumkur Road,Bangalore South,3.0,,,,,74,rau-1986
a5-193,5,green belt,,193,,Ranasondra Urunundinakere,Between Mysore Road and Tumkur Road,Bangalore South,3.0,,,,,74,rau-1986
a5-194,5,green belt,,194,,Ranosandra tank,Between Mysore Road and Tumkur Road,Bangalore South,30.0,,,,,74,rau-1986
a5-195,5,green belt,,195,669,Kamghatta Urumund inokere,Between Mysore Road and Tumkur Road,Bangalore South,15.0,,,,,74,rau-1986
a5-196,5,green belt,,196,660,Bettaholli tank,Between Mysore Road and Tumkur Road,Bangalore South,8.0,,,,,74,rau-1986
a5-197,5,green belt,,197,,Maragondanghalli tank,Between Mysore Road and Tumkur Road,Bangalore South,1.0,,,,,74,rau-1986
a5-198,5,green belt,,198,,Bheemanakuppe tank,Between Mysore Road and Tumkur Road,Bangalore South,12.0,,,,,74,rau-1986
a5-199,5,green belt,,199,,Ramchalli tank,Between Mysore Road and Tumkur Road,Bangalore South,12.0,,,,,74,rau-1986
a5-200,5,green belt,,200,,KambLipuxa tank,Between Mysore Road and Tumkur Road,Bangalore South,4.0,,,,,74,rau-1986
a5-201,5,green belt,,201,,Keananinike tank,Between Mysore Road and Tumkur Road,Bangalore South,3.0,,,,,74,rau-1986
a5-202,5,green belt,,202,638,Gowdanakere Kolur,Between Mysore Road and Tumkur Road,Magadi,,,,,,74,rau-1986
a5-203,5,green belt,,203,639,Hosakere Kolur,Between Mysore Road and Tumkur Road,Magadi,9.46,,,,,74,rau-1986
a5-204,5,green belt,,204,640,Norasimha purakatte (Kethohalli),Between Mysore Road and Tumkur Road,Magadi,1.3,,,,,74,rau-1986
a5-205,5,green belt,,205,641,Chikkanakere Kethohalli,Between Mysore Road and Tumkur Road,Magadi,2.0,,,,,74,rau-1986
a5-206,5,green belt,,206,642,"Settarkatte, Kethohalli",Between Mysore Road and Tumkur Road,Magadi,0.8,,,,,74,rau-1986
a5-207,5,green belt,,207,643,"Mogokere, Kethohalli",Between Mysore Road and Tumkur Road,Magadi,1.7,,,,,74,rau-1986
a5-208,5,green belt,,208,648,Chikkolur tank,Between Mysore Road and Tumkur Road,Magadi,4.8,,,,,74,rau-1986
a5-209,5,green belt,,209,534,Nagakere Chennenahalli,Between Mysore Road and Tumkur Road,Magadi,3.0,,,,,74,rau-1986
a5-210,5,green belt,,210,654,"Makalikatte, Yalachiguppe",Between Mysore Road and Tumkur Road,Magadi,,,,,,74,rau-1986
a5-211,5,green belt,,211,658,Bairegowdanakere Yolachiguppe,Between Mysore Road and Tumkur Road,Magadi,2.4,,,,,74,rau-1986
a5-212,5,green belt,,212,659,"Shamannanokere, Yalchiguppe",Between Mysore Road and Tumkur Road,Magadi,6.86,,,,,74,rau-1986
a5-213,5,green belt,,213,N.A.,Bettahalasur tank,Between Tumkur Road and Bellary Road,Devanahalli,12.5,,,,,74,rau-1986
a5-214,5,green belt,,214,N.A.,lee Thimnagandra tank,Between Tumkur Road and Bellary Road,Devanahalli,15.0,,,,,74,rau-1986
a5-215,5,green belt,,215,N.A.,Nellukunte tank,Between Tumkur Road and Bellary Road,Devanahalli,10.0,,,,,75,rau-1986
a5-216,5,green belt,,216,N.A.,Thimmanahalli tank,Between Tumkur Road and Bellary Road,Devanahalli,8.0,,,,,75,rau-1986
a5-217,5,green belt,,217,N.A.,Sugatta tank,Between Tumkur Road and Bellary Road,Devanahalli,15.0,,,,,75,rau-1986
a5-218,5,green belt,,218,N.A.,Sonnappanahalli tank,Between Tumkur Road and Bellary Road,Devanahalli,20.0,,,,,75,rau-1986
a5-219,5,green belt,,219,475,"Urumundinakere, Ittagalpura",Between Tumkur Road and Bellary Road,Bangalore North,20.4,,,,,75,rau-1986
a5-220,5,green belt,,220,476,"Jodi Ramaswamykere, Ittagalpura",Between Tumkur Road and Bellary Road,Bangalore North,8.0,,,,,75,rau-1986
a5-221,5,green belt,,221,477,"Urumundinakere, Madappanahalli",Between Tumkur Road and Bellary Road,Bangalore North,6.4,,,,,75,rau-1986
a5-222,5,green belt,,222,480,Linganahalli tank,Between Tumkur Road and Bellary Road,Bangalore North,7.2,,,,,75,rau-1986
a5-223,5,green belt,,223,482,Kalenahalli tank (Breached),Between Tumkur Road and Bellary Road,Bangalore North,,,,,,75,rau-1986
a5-224,5,green belt,,224,483,Madappanahalli tank (Private),Between Tumkur Road and Bellary Road,Bangalore North,6.4,,,,,75,rau-1986
a5-225,5,green belt,,225,484,"Sorekai kunta kere, Mylappanahalli",Between Tumkur Road and Bellary Road,Bangalore North,5.6,,,,,75,rau-1986
a5-226,5,green belt,,226,485,"Urumundinakere, Mylappanahalli",Between Tumkur Road and Bellary Road,Bangalore North,8.4,,,,,75,rau-1986
a5-227,5,green belt,,227,486,Mavalipura tank (Breached),Between Tumkur Road and Bellary Road,Bangalore North,,,,,,75,rau-1986
a5-228,5,green belt,,228,487,"Urumundinakere, Bylakere",Between Tumkur Road and Bellary Road,Bangalore North,7.2,,,,,75,rau-1986
a5-229,5,green belt,,229,488,"Urumundinakere, Byalakere",Between Tumkur Road and Bellary Road,Bangalore North,7.2,,,,,75,rau-1986
a5-230,5,green belt,,230,489,Karubanahalli kere-Mavalipura ~ (breached),Between Tumkur Road and Bellary Road,Bangalore North,,,,,,75,rau-1986
a5-231,5,green belt,,231,490,Seekote tank,Between Tumkur Road and Bellary Road,Bangalore North,16.0,,,,,75,rau-1986
a5-232,5,green belt,,232,491,Twarukandapura tank,Between Tumkur Road and Bellary Road,Bangalore North,41.6,,,,,75,rau-1986
a5-233,5,green belt,,233,492,"Devarakere, Kagagattapura",Between Tumkur Road and Bellary Road,Bangalore North,8.0,,,,,75,rau-1986
a5-234,5,green belt,,234,493,"Maliikere, Huralichikkanahalli",Between Tumkur Road and Bellary Road,Bangalore North,9.42,,,,,75,rau-1986
a5-235,5,green belt,,235,494,"Urumundinakere, Kasgagattapura",Between Tumkur Road and Bellary Road,Bangalore North,5.2,,,,,75,rau-1986
a5-236,5,green belt,,236,495,Kymbareahalli tank,Between Tumkur Road and Bellary Road,Bangalore North,14.0,,,,,75,rau-1986
a5-237,5,green belt,,237,496,"Hongekere, Vaderahalli",Between Tumkur Road and Bellary Road,Bangalore North,2.0,,,,,75,rau-1986
a5-238,5,green belt,,238,497,Meai Agrahara tank (Breached),Between Tumkur Road and Bellary Road,Bangalore North,,,,,,75,rau-1986
a5-239,5,green belt,,239,499,"Tubinakere, Kalathammanahalli",Between Tumkur Road and Bellary Road,Bangalore North,,,,,,75,rau-1986
a5-240,5,green belt,,240,500,"Urumundinakere, Guri Agrahara",Between Tumkur Road and Bellary Road,Bangalore North,4.0,,,,,75,rau-1986
a5-241,5,green belt,,241,501,"Urumundinakere, Kalathommana~ halli (Breached)",Between Tumkur Road and Bellary Road,Bangalore North,,,,,,76,rau-1986
a5-242,5,green belt,,242,502,"Talekere, Guri Agrahara",Between Tumkur Road and Bellary Road,Bangalore North,2.0,,,,,76,rau-1986
a5-243,5,green belt,,243,503,"Kodagikere, Ganigarahalli",Between Tumkur Road and Bellary Road,Bangalore North,7.6,,,,,76,rau-1986
a5-244,5,green belt,,244,504,Laxmipura tank,Between Tumkur Road and Bellary Road,Bangalore North,4.0,,,,,76,rau-1986
a5-245,5,green belt,,245,505,"Gowdandkere, Singapura",Between Tumkur Road and Bellary Road,Bangalore North,8.0,,,,,76,rau-1986
a5-246,5,green belt,,246,506,Abbigere tank,Between Tumkur Road and Bellary Road,Bangalore North,8.0,,,,,76,rau-1986
a5-247,5,green belt,,247,358,"Kodagi Amfnikere, Veerasagara - (Breached)",Between Tumkur Road and Bellary Road,Bangalore North,,,,,,76,rau-1986
a5-248,5,green belt,,248,359,"Gramedakere, Ramagondanshall 4",Between Tumkur Road and Bellary Road,Bangalore North,15.6,,,,,76,rau-1986
a5-249,5,green belt,,249,360,Attur tank,Between Tumkur Road and Bellary Road,Bangalore North,30.0,,,,,76,rau-1986
a5-250,5,green belt,,250,362,"Avalahallikodagi kere, Krighnas2gara",Between Tumkur Road and Bellary Road,Bangalore North,5.6,,,,,76,rau-1986
a5-251,5,green belt,,251,363,"Mowjikere or Rastekere, Avalahalli",Between Tumkur Road and Bellary Road,Bangalore North,,,,,,76,rau-1986
a5-252,5,green belt,,252,364,Honnenahalli tank,Between Tumkur Road and Bellary Road,Bangalore North,3.9,,,,,76,rau-1986
a5-253,5,green belt,,253,367,"Karehallikere, Laxmisagara",Between Tumkur Road and Bellary Road,Bangalore North,6.14,,,,,76,rau-1986
a5-254,5,green belt,,254,368,"Amonikere, Singonikanchaili",Between Tumkur Road and Bellary Road,Bangalore North,178.0,,,,,76,rau-1986
a5-255,5,green belt,,255,371,Gantiganshalli tank,Between Tumkur Road and Bellary Road,Bangalore North,30.4,,,,,76,rau-1986
a5-256,5,green belt,,256,372,Yelahanka Doddakere,Between Tumkur Road and Bellary Road,Bangalore North,80.0,,,,,76,rau-1986
a5-257,5,green belt,,257,301,Bilijaji tank,Between Tumkur Road and Bellary Road,Bangalore North,14.8,,,,,76,rau-1986
a5-258,5,green belt,,258,511,"Jalikatte, Kudargere (Breached)",Between Tumkur Road and Bellary Road,Nelamangala,,,,,,76,rau-1986
a5-259,5,green belt,,259,512,Venkappanakere Hanumanthanagara,Between Tumkur Road and Bellary Road,Nelamangala,2.4,,,,,76,rau-1986
a5-260,5,green belt,,260,284,Daganapura tank,Between Tumkur Road and Bellary Road,Nelamangala,18.8,,,,,76,rau-1986
a5-261,5,green belt,,261,290,Hegeadadevana pura,Between Tumkur Road and Bellary Road,Nelamangala,8.0,,,,,76,rau-1986
a5-262,5,green belt,,262,299,Alur tank,Between Tumkur Road and Bellary Road,Nelamangala,29.6,,,,,76,rau-1986
