qid,lang,title,url,summary,license,source
Q4883488,en,Bellandur Lake,https://en.wikipedia.org/wiki/Bellandur_Lake,"Bellandur Lake is located in the suburb of Bellandur in the southeast of the city of Bengaluru. It is the largest lake in the city. It is a part of Bellandur drainage system that drains the southern and the south-eastern parts of the city. The lake is a receptor from three chains of lakes upstream, and has a catchment area of about 148 square kilometres. Water from this lake flows further east to the Varthur Lake, from where it flows down the plateau and eventually into the Pinakani river basin.",CC BY-SA 4.0,wikipedia-en
Q4883488,kn,ಬೆಳ್ಳಂದೊರು ಕೆರೆ,https://kn.wikipedia.org/wiki/%E0%B2%AC%E0%B3%86%E0%B2%B3%E0%B3%8D%E0%B2%B3%E0%B2%82%E0%B2%A6%E0%B3%8A%E0%B2%B0%E0%B3%81_%E0%B2%95%E0%B3%86%E0%B2%B0%E0%B3%86,ಬೆಳ್ಳಂದೊರು ಕೆರೆ ಬೆಂಗಳೂರು ನಗರದ ಆಗ್ನೇಯ ಭಾಗದಲ್ಲಿದೆ. ಇದು ಈ ನಗರದ ಎಲ್ಲದಕ್ಕಿಂತ ದೊಡ್ಡ ಕೆರೆ.,CC BY-SA 4.0,wikipedia-kn
Q5695346,en,"Hebbal Lake, Bengaluru",https://en.wikipedia.org/wiki/Hebbal_Lake%2C_Bengaluru,"Hebbal Lake is located in the north of Bangalore at the mouth of National Highway 7, along the junction of Bellary Road and the Outer Ring Road (ORR). Epigraphic evidence suggests that the lake is much older than commonly assumed. The presence of the Bhoopasandra inscription, dated to the 8th century CE and found near the lake, indicates human settlement and religious activity in the area around 1,300 years ago. Further insights into the region's antiquity come from the work of historian and epigraphist Dr. P. V. Krishnamurthy. In his study of the Bhoopasandra inscription, he documents a grant made to a Durga idol, originally located near the Hebbal lake bund. The inscription references individuals associated with agrarian professions and water management, suggesting the existence of organized settlements and water bodies in the area over 1,200 years ago. This evidence indicates that Hebbal Lake, or its precursor, may have been integral to the region's socio-economic fabric during that period.",CC BY-SA 4.0,wikipedia-en
Q5695346,kn,ಹೆಬ್ಬಾಳ ಕೆರೆ,https://kn.wikipedia.org/wiki/%E0%B2%B9%E0%B3%86%E0%B2%AC%E0%B3%8D%E0%B2%AC%E0%B2%BE%E0%B2%B3_%E0%B2%95%E0%B3%86%E0%B2%B0%E0%B3%86,"ಬೆಂಗಳೂರಿನ ಉತ್ತರದಲ್ಲಿ ಬಳ್ಳಾರಿ ರಸ್ತೆ ಹಾಗು ಹೊರ ವರ್ತುಲ ರಸ್ತೆ ಕೂಡುವಲ್ಲಿ ಇರುವ ಒಂದು ಕೆರೆ, ೧೫೩೭ರಲ್ಲಿ ಕೆಂಪೇಗೌಡರು ಕಟ್ಟಿಸಿದ ಕೆರೆಗಳಲ್ಲಿ ಇದು ಒಂದು. 2000 ರ ಒಂದು ಅಧ್ಯಯನದಲ್ಲಿ ಕೆರೆಯ ಹರಡುವಿಕೆ 75 ಹೆ ಕಂಡುಬಂತು, 143 ಹೆ ತುಂಬಲು ವಿಸ್ತರಿಸುವ ಯೋಜಿಸಲಾಗಿದೆ.",CC BY-SA 4.0,wikipedia-kn
Q5745519,en,Hesaraghatta Lake,https://en.wikipedia.org/wiki/Hesaraghatta_Lake,"Hesaraghatta Lake is a humanmade reservoir located 18 km to the north-west of Bengaluru in Karnataka state, India. It is a fresh water lake created in the year 1894 across the Arkavathy River to meet the drinking water needs of the city. Sir K. Seshadri Iyer, the then Dewan of erstwhile Mysore state and the then Chief Engineer of Mysuru, M. C. Hutchins, planned to build the scheme called the ""Chamarajendra Water Works"" to store a three-years' water supply to the city.",CC BY-SA 4.0,wikipedia-en
Q5745519,kn,ಹೆಸರಘಟ್ಟ ಕೆರೆ,https://kn.wikipedia.org/wiki/%E0%B2%B9%E0%B3%86%E0%B2%B8%E0%B2%B0%E0%B2%98%E0%B2%9F%E0%B3%8D%E0%B2%9F_%E0%B2%95%E0%B3%86%E0%B2%B0%E0%B3%86,"ಬೆಂಗಳೂರಿನ ಉತ್ತರದಲ್ಲಿ ೨೭ಕಿಮಿ ದೂರದಲ್ಲಿ ಹೆಸರುಘಟ್ಟ ಕೆರೆ ಇದೆ, ಈ ಕೆರೆಯು ಕೆಲವು ವರ್ಷಗಳ ಕಾಲ ಬೆಂಗಳೂರಿಗೆ ಕುಡಿಯುವ ನೀರನ್ನು ಪೂರೈಸುತ್ತಿತ್ತು.",CC BY-SA 4.0,wikipedia-kn
Q6365696,en,Kanva Reservoir,https://en.wikipedia.org/wiki/Kanva_Reservoir,"Kanva Reservoir is an artificial lake and tourist attraction 69 kilometres (43 mi) from Bangalore, India, formed by the damming of the Kanva River in an irrigation project. The Kanva Reservoir is an artificial lake located in the Channapatna, a town known for its wooden toys. It was built in 1946 to serve as a source of drinking water for the surrounding areas, as well as for irrigation purposes. The reservoir is formed by a dam built across the Kaveri River, which is one of the largest rivers in South India. There is a fisheries training and research center near the dam, which was established to train the local residents in fish farming so that they could become economically independent.",CC BY-SA 4.0,wikipedia-en
Q6365696,kn,ಕಣ್ವ ಜಲಾಶಯ,https://kn.wikipedia.org/wiki/%E0%B2%95%E0%B2%A3%E0%B3%8D%E0%B2%B5_%E0%B2%9C%E0%B2%B2%E0%B2%BE%E0%B2%B6%E0%B2%AF,"ಕಣ್ವ ಜಲಾಶಯ ರಾಮನಗರ ಜಿಲ್ಲೆಯಚನ್ನಪಟ್ಟಣ ತಾಲೂಕಿನ ಕಣ್ವ ಗ್ರಾಮದ ಕಣ್ವ ಜಲಾಶಯ. ರಾಮನಗರದಿಂದ ಮುಂದೆ ಮೈಸೂರು ಹೆದ್ದಾರಿ ಹಿಡಿದು ಮುಂದೆ ೧೦ ಕೀ ಮೀ ಹೋದರೆ ಕಣ್ವ ಜಲಾಶಯ ಇದೆ. ೫ ಸ್ವಯಂ ಚಾಲಿತ ನೀರುಬಾಗಿಲುಗಳೊಂದಿಗೆ ಕ್ರಿ.ಶ.೧೯೪೬ನೆಯ ವರ್ಷದಲ್ಲಿ ಕಟ್ಟಲಾಗಿದೆ.ಇದರ ಉತ್ತರ ಅಕ್ಷಾಂಶ 120 47' ಮತ್ತು ಪುರ್ವ ರೇಖಾಂಶ 770 12'. ಬೆಂಗಳೂರಿನಿಂದ ಈ ಜಲಾಶಯದ ದೂರ 58 ಕಿಮೀಗಳು. ಕಣ್ವ ನದಿ ಮೈಸೂರು ಸೀಮೆಯ ಬೆಂಗಳೂರು ಜಿಲ್ಲೆಯ ಮಾಗಡಿ ಗ್ರಾಮಕ್ಕೆ ಸಮೀಪದಲ್ಲಿ ಹುಟ್ಟಿ ಮಾಗಡಿ, ರಾಮನಗರ, ಚನ್ನಪಟ್ಣ ಮತ್ತು ಮಳವಳ್ಳಿ ತಾಲ್ಲೂಕುಗಳಲ್ಲಿ ಪ್ರವಹಿಸಿ ಅಂತಿಮವಾಗಿ ಕಾವೇರಿ ನದಿಯ ಉಪನದಿಯಾದ ಶಿಂಷಾ ನದಿಯೊಡನೆ ಸಂಗಮವಾಗುತ್ತದೆ.",CC BY-SA 4.0,wikipedia-kn
Q7262461,en,Puttenahalli Lake (Yelahanka),https://en.wikipedia.org/wiki/Puttenahalli_Lake_(Yelahanka),"Puttenahalli WS Lake also spelled as Puttanahalli Lake is a 10-hectare water body near Yelahanka, 14 km north of Bangalore.",CC BY-SA 4.0,wikipedia-en
Q7262461,kn,ಪುಟ್ಟೇನಹಳ್ಳಿ ಸರೋವರ,https://kn.wikipedia.org/wiki/%E0%B2%AA%E0%B3%81%E0%B2%9F%E0%B3%8D%E0%B2%9F%E0%B3%87%E0%B2%A8%E0%B2%B9%E0%B2%B3%E0%B3%8D%E0%B2%B3%E0%B2%BF_%E0%B2%B8%E0%B2%B0%E0%B3%8B%E0%B2%B5%E0%B2%B0,"ಪುಟ್ಟೇನಹಳ್ಳಿ ಸರೋವರವು 10 ಹೆಕ್ಟೇರ್ ನೀರಿನ ಪ್ರದೇಶವಾಗಿದ್ದು ಯಲಹಂಕದ ಬಳಿ ಯಲ್ಲಿದೆ. ಬೆಂಗಳೂರಿನ ಉತ್ತರಕ್ಕೆ 14 ಕಿ.ಮೀ. ಜೀವವೈವಿಧ್ಯ ತಜ್ಞರು ಇಲ್ಲಿ 49 ಜಾತಿಯಪಕ್ಷಿಗಳ ಸಂತಾನೋತ್ಪತ್ತಿಯನ್ನು ಕಂಡುಹಿಡಿದಿದ್ದಾರೆ. ಆ ಪಕ್ಷಿಗಳ ಪೈಕಿ ಡಾರ್ಟರ್ಸ್, ಪೇಂಟೆಡ್ ಕೊಕ್ಕರೆಗಳು, ಕಪ್ಪು ಕಿರೀಟಧಾರಿ ರಾತ್ರಿಯ ಹೆರಾನ್ಗಳು, ನೇರಳೆ ಬಣ್ಣದ ಹೆರಾನ್ಗಳು, ಕೊಳದ ಹೆರಾನ್ಗಳು ಇವೆ.",CC BY-SA 4.0,wikipedia-kn
Q7331115,en,Sankey tank,https://en.wikipedia.org/wiki/Sankey_tank,"Sankey tank is an artificial lake or tank situated in the western part of Bangalore in the middle of the neighbourhoods of Malleshwaram, Vyalikaval and Sadashivanagar. The lake covers an area of about 15 ha. At its widest, the tank has a width of 800 m (2,624.7 ft).",CC BY-SA 4.0,wikipedia-en
Q7423007,en,Sarakki lake,https://en.wikipedia.org/wiki/Sarakki_lake,"Sarakki lake is a lake in the southern part of Bengaluru, India, in the suburb of the J. P. Nagar. It is one of the largest lakes in Bangalore and located on Puttenahalli main road. Sarakki is a portmanteau of the native Kannada language words, Saavira Hakki, which translates to ""a thousand birds"".",CC BY-SA 4.0,wikipedia-en
Q7784715,en,Thippagondanahalli Reservoir,https://en.wikipedia.org/wiki/Thippagondanahalli_Reservoir,"Thippagondanahalli Reservoir, also known as T G Halli Dam or Chamarajasagara, is located at the confluence of the Arkavathy and Kumudavathi rivers, 35 kilometres (22 mi) west of Bangalore, India. It is used by the Bangalore Water Supply and Sewerage Board as a major source of drinking water for western Bangalore. The lake is a man-made reservoir, created by the building of a dam which was inaugurated in 1933. M. Visvesvaraya supervised the construction work.",CC BY-SA 4.0,wikipedia-en
Q7924608,en,Vibhutipura Lake,https://en.wikipedia.org/wiki/Vibhutipura_Lake,"Vibuthipura Lake is a lake in the suburb of Hindustan Aeronautics Limited, in the southeast of the city of Bengaluru. The lake is the part of Bellandur-Varthur Lake series.",CC BY-SA 4.0,wikipedia-en
Q7924608,kn,ವಿಭೂತಿಪುರ ಕೆರೆ,https://kn.wikipedia.org/wiki/%E0%B2%B5%E0%B2%BF%E0%B2%AD%E0%B3%82%E0%B2%A4%E0%B2%BF%E0%B2%AA%E0%B3%81%E0%B2%B0_%E0%B2%95%E0%B3%86%E0%B2%B0%E0%B3%86,ವಿಭೂತಿಪುರ ಕೆರೆ ಬೆಂಗಳೂರು ನಗರದ ಆಗ್ನೇಯ ಭಾಗದಲ್ಲಿರುವ ಹಿಂದೂಸ್ತಾನ್ ಏರೋನಾಟಿಕ್ಸ್ ಲಿಮಿಟೆಡ್‌ನ ಉಪನಗರದಲ್ಲಿರುವ ಒಂದು ಕೆರೆಯಾಗಿದೆ. ಈ ಕೆರೆಯು ಬೆಳ್ಳಂದೂರು-ವರ್ತೂರು ಕೆರೆಗಳ ಸರಣಿಯ ಭಾಗವಾಗಿದೆ.,CC BY-SA 4.0,wikipedia-kn
Q17084588,en,Puttenahalli Lake (JP Nagar),https://en.wikipedia.org/wiki/Puttenahalli_Lake_(JP_Nagar),"Puttenahalli lake is a small, restored freshwater lake located in JP Nagar 7th Phase, South Bangalore. The area of the lake is about 13 acres. The primary water sources are rain and surface water diverted to the lake through channels. The lake is currently maintained by Puttenahalli Neighbourhood Lake Improvement Trust (PNLIT) . The lake was on the brink of extinction, but due to the efforts of PNLIT, is now a haven for bird-watchers and on its way to being completely restored.",CC BY-SA 4.0,wikipedia-en
Q28154185,en,Arekere Lake,https://en.wikipedia.org/wiki/Arekere_Lake,"Arekere Lake is situated in the Arekere - Hulimavu area of the city of Bangalore. Originally spread over an area of approximately 37 acres (0.15 km2), the lake is bounded on the west by Bannerghatta Road, on the north by BDA Eighty Feet Road, on the east by Shantinikethan Layout and on the south by Hulimavu Main Road. According to the BBMP website, the perimeter of the lake is about 3 kilometres (1.9 mi). It was possibly a manmade water reservoir created approximately 100 years ago.",CC BY-SA 4.0,wikipedia-en
Q28824239,en,Agara Lake,https://en.wikipedia.org/wiki/Agara_Lake,"Agara lake is an 80-acre lake located in Agara, Bangalore. It is part of the Varthur lake series. Madiwala Lake is upstream while Bellandur Lake is downstream. Inter-lake connections have seen fragmentation and urbanisation.",CC BY-SA 4.0,wikipedia-en
Q30587793,en,Ulsoor Lake,https://en.wikipedia.org/wiki/Ulsoor_Lake,"Ulsoor Lake or Halasuru Lake, one of the biggest lakes in Bangalore, is located on the eastern side of the city. It derives its name from the name of the locality it is situated, namely, Halasuru, close to M G Road. It is spread over 50 ha and has several islands. Even though the lake is dated to Kempe Gowdas's time, the present lake was created by Lewin Bentham Bowring, the then Commissioner of Bangalore. A part of the lake is controlled by the Madras Engineer Group, and the rest by the Bruhat Bengaluru Mahanagara Palike (BBMP)",CC BY-SA 4.0,wikipedia-en
Q30587793,kn,ಹಲಸೂರು ಸರೋವರ,https://kn.wikipedia.org/wiki/%E0%B2%B9%E0%B2%B2%E0%B2%B8%E0%B3%82%E0%B2%B0%E0%B3%81_%E0%B2%B8%E0%B2%B0%E0%B3%8B%E0%B2%B5%E0%B2%B0,"ಹಲಸೂರು ಸರೋವರವು ಬೆಂಗಳೂರಿನ ದೊಡ್ಡ ಸರೋವರಗಳಲ್ಲಿ ಒಂದಾಗಿದೆ. ಇದು ಬೆಂಗಳೂರು ನಗರದ ಪೂರ್ವ ಭಾಗದಲ್ಲಿದೆ. ಎಂ.ಜಿ ರಸ್ತೆಗೆ ಹತ್ತಿರವಿರುವ ಹಲಸೂರು ಎಂಬ ಹೆಸರಿನಿಂದಾಗಿ ಈ ಕೆರೆಗೆ ಹಲಸೂರು ಸರೋವರ ಎಂದು ಕರೆಯುತ್ತಾರೆ. ಈ ಸರೋವರವು ದ್ವೀಪಗಳನ್ನು ಹೊಂದಿದೆ. ಈ ಕೆರೆಯು ಕೆಂಪೇಗೌಡರ ಕಾಲದ್ದಾಗಿದ್ದರೂ, ಈಗಿನ ಕೆರೆಯನ್ನು ಅಂದಿನ ಬೆಂಗಳೂರಿನ ಕಮಿಷನರ್ ಆಗಿದ್ದ ಲೆವಿನ್ ಬೆಂಥಮ್ ಬೌರಿಂಗ್ ರಚಿಸಿದ್ದಾರೆ. ಸರೋವರದ ಒಂದು ಭಾಗವು ಮದ್ರಾಸ್ ಇಂಜಿನಿಯರ್ ಗ್ರೂಪಿನಿಂದ ನಿಯಂತ್ರಿಸಲ್ಪಡುತ್ತದೆ ಮತ್ತು ಉಳಿದವು ಬೃಹತ್ ಬೆಂಗಳೂರು ಮಹಾನಗರ ಪಾಲಿಕೆಯಿಂದ ನಿಯಂತ್ರಿಸಲ್ಪಡುತ್ತದೆ.",CC BY-SA 4.0,wikipedia-kn
Q30621418,en,Madiwala Lake,https://en.wikipedia.org/wiki/Madiwala_Lake,"Madiwala lake is one of the biggest lakes in Bangalore, India spread over an area of 114.3 hectare. The water in the lake was fit for drinking till the early 1990s. Since then it has become unfit for drinking due to industrial waste and sewage entering the waterbody. It has gradually become polluted.",CC BY-SA 4.0,wikipedia-en
Q77264259,en,Jakkur Lake,https://en.wikipedia.org/wiki/Jakkur_Lake,"Jakkur Lake is among the biggest lakes in Bangalore, and is located on the northern side of the city. It derives its name from the name of the locality, Jakkur. It is spread around 35 ha and has several islands.",CC BY-SA 4.0,wikipedia-en
Q104841470,en,Yelahanka Lake,https://en.wikipedia.org/wiki/Yelahanka_Lake,"Yelahanka Lake is a water body near Yelahanka, a suburb of Bangalore.",CC BY-SA 4.0,wikipedia-en
Q106416239,en,Lakes in Bengaluru,https://en.wikipedia.org/wiki/Lakes_in_Bengaluru,"Lakes and tanks in the metropolitan area of Greater Bangalore and the district of Bangalore Urban are reservoirs of varying sizes constructed over a number of centuries by various empires and dynasties for rainwater harvesting. Historically, these reservoirs were primarily either irrigation tanks or for the water supply, with secondary uses such as bathing and washing. The need for creating and sustaining these man-made dammed freshwater reservoirs was created by the absence of a major river nearby coupled with a growing settlement. As Bangalore grew from a small settlement into a city, both of the primary historical uses of the tanks changed. Agricultural land witnessed urbanization and alternate sources of water were provisioned, such as through borewells, piped reservoir water and later river water from further away.",CC BY-SA 4.0,wikipedia-en
Q106416269,en,Varthur,https://en.wikipedia.org/wiki/Varthur,"Varthuru is a suburb situated in the Eastern periphery of Bangalore City and part of the internationally famous Whitefield township. Varthur is a Hobli and part of the Bruhat Bangalore Mahanagara Palike. Varthur was a Legislative Assembly in the state of Karnataka but was split into three legislative assemblies C.V.Raman Nagar, Mahadevapura and Krishnarajapura in the year 2008. It is also one of the wards of BBMP. It is located in South-Eastern Bangalore between old Airport road and Sarjapur road. Varthur is very close to ITPB.",CC BY-SA 4.0,wikipedia-en
Q107639021,en,Lakes in Bengaluru,https://en.wikipedia.org/wiki/Lakes_in_Bengaluru,"Lakes and tanks in the metropolitan area of Greater Bangalore and the district of Bangalore Urban are reservoirs of varying sizes constructed over a number of centuries by various empires and dynasties for rainwater harvesting. Historically, these reservoirs were primarily either irrigation tanks or for the water supply, with secondary uses such as bathing and washing. The need for creating and sustaining these man-made dammed freshwater reservoirs was created by the absence of a major river nearby coupled with a growing settlement. As Bangalore grew from a small settlement into a city, both of the primary historical uses of the tanks changed. Agricultural land witnessed urbanization and alternate sources of water were provisioned, such as through borewells, piped reservoir water and later river water from further away.",CC BY-SA 4.0,wikipedia-en
Q107639034,en,Lakes in Bengaluru,https://en.wikipedia.org/wiki/Lakes_in_Bengaluru,"Lakes and tanks in the metropolitan area of Greater Bangalore and the district of Bangalore Urban are reservoirs of varying sizes constructed over a number of centuries by various empires and dynasties for rainwater harvesting. Historically, these reservoirs were primarily either irrigation tanks or for the water supply, with secondary uses such as bathing and washing. The need for creating and sustaining these man-made dammed freshwater reservoirs was created by the absence of a major river nearby coupled with a growing settlement. As Bangalore grew from a small settlement into a city, both of the primary historical uses of the tanks changed. Agricultural land witnessed urbanization and alternate sources of water were provisioned, such as through borewells, piped reservoir water and later river water from further away.",CC BY-SA 4.0,wikipedia-en
Q107639060,en,Lakes in Bengaluru,https://en.wikipedia.org/wiki/Lakes_in_Bengaluru,"Lakes and tanks in the metropolitan area of Greater Bangalore and the district of Bangalore Urban are reservoirs of varying sizes constructed over a number of centuries by various empires and dynasties for rainwater harvesting. Historically, these reservoirs were primarily either irrigation tanks or for the water supply, with secondary uses such as bathing and washing. The need for creating and sustaining these man-made dammed freshwater reservoirs was created by the absence of a major river nearby coupled with a growing settlement. As Bangalore grew from a small settlement into a city, both of the primary historical uses of the tanks changed. Agricultural land witnessed urbanization and alternate sources of water were provisioned, such as through borewells, piped reservoir water and later river water from further away.",CC BY-SA 4.0,wikipedia-en
Q107645662,en,Rachenahalli Lake,https://en.wikipedia.org/wiki/Rachenahalli_Lake,"Rachenahalli Lake is a lake in Bangalore, India. It is located in Thanisandra in North Bangalore. It is about 1.4km from Amruthahalli police station.",CC BY-SA 4.0,wikipedia-en
Q141285008,en,Dharmambudhi Lake,https://en.wikipedia.org/wiki/Dharmambudhi_Lake,"Dharmambudhi Lake, also known as Dharmambudhi Tank, was a historic water reservoir in central Bengaluru, India. It was one of the principal sources of water for the city's Pete area from at least the 16th century through the 19th century. The reservoir was drained in the early 20th century, and its former bed was filled in during the early 1960s for construction of the city's central bus terminus, now the Kempegowda Bus Station.",CC BY-SA 4.0,wikipedia-en
